[www.asu.edu.om/index.html]
[www.asu.edu.om/vendor/slick/slick.min.css]
[www.asu.edu.om/vendor/slick/slick-theme.min.css]
[unpkg.com/aos@2.3.1/dist/aos.css]
[backblue.gif]
[fade.gif]
[index.html]
[www.asu.edu.om/Content/bootstrap.css]
[www.asu.edu.om/Content/css4934.css]
[www.asu.edu.om/Content/fonts/css/all.min.css]
[www.asu.edu.om/img/logo-icon.png]
[www.asu.edu.om/Page/Details/37432c.html]
[www.asu.edu.om/Page/Details/1415032.html]
[www.asu.edu.om/files/University-Prospectus25_26.pdf]
[www.asu.edu.om/qaa.html]
[www.asu.edu.om/Team/index0827.html]
[www.asu.edu.om/Team/indexdb80.html]
[www.asu.edu.om/Team/index4f4a.html]
[www.asu.edu.om/Team/index541e.html]
[www.asu.edu.om/Mashreq/index.html]
[www.asu.edu.om/COBA.html]
[www.asu.edu.om/programmes/Diploma/index.html]
[www.asu.edu.om/COE.html]
[www.asu.edu.om/programmes/Master/index.html]
[www.asu.edu.om/programmes/Bachelors/index.html]
[www.asu.edu.om/COAH.html]
[www.asu.edu.om/Page/Details/47c8cb.html]
[www.asu.edu.om/Team/indexaa09.html]
[www.asu.edu.om/CAHS.html]
[www.asu.edu.om/Team/index139e.html]
[www.asu.edu.om/IT.html]
[www.asu.edu.om/Team/index63ee.html]
[www.asu.edu.om/Team/index7baf.html]
[www.asu.edu.om/Team/indexcda1.html]
[www.asu.edu.om/Team/indexf7aa.html]
[www.asu.edu.om/Page/Details/143d415.html]
[www.asu.edu.om/Page/Details/398a622.html]
[www.asu.edu.om/Page/Details/399310a.html]
[www.asu.edu.om/Page/Details/40078a7.html]
[www.asu.edu.om/Page/Details/598d4e.html]
[www.asu.edu.om/Page/Details/118b74.html]
[www.asu.edu.om/Page/Details/128843.html]
[www.asu.edu.om/Page/Details/139d70.html]
[www.asu.edu.om/Page/Details/145d74.html]
[www.asu.edu.om/Page/Details/143.html]
[www.asu.edu.om/Page/Details/398.html]
[www.asu.edu.om/Page/Details/399.html]
[www.asu.edu.om/Page/Details/400.html]
[www.asu.edu.om/files/The-2020-ASU-Research-Day-Program.pdf]
[www.asu.edu.om/Page/Details/2675aa.html]
[www.asu.edu.om/Page/Details/137b86d.html]
[www.asu.edu.om/Page/Details/1383591.html]
[www.asu.edu.om/Page/Details/301e32.html]
[www.asu.edu.om/Page/Details/32cfcd.html]
[www.asu.edu.om/Page/Details/31d299.html]
[www.asu.edu.om/Page/Details/13289d4.html]
[www.asu.edu.om/Page/Details/5226466.html]
[www.asu.edu.om/Page/Details/139731d.html]
[www.asu.edu.om/ibra.html]
[www.asu.edu.om/Page/Dissertations.html]
[www.asu.edu.om/Staff/indexc998.html]
[www.asu.edu.om/Page/Details/162fcba.html]
[www.asu.edu.om/Students/index9ca4.html]
[www.asu.edu.om/Page/Details/163a1a7.html]
[www.asu.edu.om/img/popup.png]
[www.asu.edu.om/Content/owl.carousel.min.css]
[www.asu.edu.om/asufiles.html]
[www.asu.edu.om/img/S2026m3d16_114326.jpg]
[www.asu.edu.om/img/S2026m3d16_114118.jpg]
[www.asu.edu.om/img/S2026m3d16_114042.jpg]
[www.asu.edu.om/img/S2026m1d7_114845.jpg]
[www.asu.edu.om/img/S2025m10d28_125019.jpg]
[www.asu.edu.om/img/S2025m10d28_124929.jpg]
[www.asu.edu.om/Page/Details/5463ee.html]
[www.asu.edu.om/img/cas.jpg]
[www.asu.edu.om/Page/Details/557baf.html]
[www.asu.edu.om/img/coah.jpg]
[www.asu.edu.om/Page/Details/52139e.html]
[www.asu.edu.om/img/coe.jpg]
[www.asu.edu.om/img/coba.jpg]
[www.asu.edu.om/Page/Details/53aa09.html]
[www.asu.edu.om/img/law.jpg]
[www.asu.edu.om/img/clfs.jpg]
[www.asu.edu.om/downloads/App-Student.doc]
[www.asu.edu.om/img/BannerWebsite.png]
[www.asu.edu.om/img/Comp.png]
[www.asu.edu.om/downloads/ASU-Private-Undergraduate.pdf]
[www.asu.edu.om/downloads/ASU-Private-Master.pdf]
[www.asu.edu.om/downloads/ASU-HEAC-Applicants.pdf]
[www.asu.edu.om/programmes/Diploma.html]
[www.asu.edu.om/programmes/Bachelors.html]
[img.youtube.com/vi/Y_fmXmcbWiM/0.jpg]
[www.asu.edu.om/programmes/Master.html]
[img.youtube.com/vi/x0nRKhGPKpw/0.jpg]
[img.youtube.com/vi/NJ-TfaHST2Q/0.jpg]
[img.youtube.com/vi/a3ypPC9GR-c/0.jpg]
[platform.twitter.com/widgets.js]
[img.youtube.com/vi/8EWVGRLNBxs/0.jpg]
[img.youtube.com/vi/3DQoNjk-gB8/0.jpg]
[img.youtube.com/vi/YnO0H6C0Koc/0.jpg]
[www.asu.edu.om/Scripts/jquery-3.6.0.js]
[www.asu.edu.om/bundles/modernizr0cf5]
[www.asu.edu.om/bundles/jquery4f1d]
[www.asu.edu.om/bundles/sticky-sidebar099c]
[unpkg.com/aos@2.3.1/dist/aos.js]
[www.asu.edu.om/Scripts/bootstrap.js]
[www.asu.edu.om/Scripts/index.bundle.min.js]
[wchat.freshchat.com/js/widget.js]
[cdn.jsdelivr.net/gh/jpswalsh/academicons@1/css/academicons.min.css]
[www.asu.edu.om/index.html]
[www.asu.edu.om/vendor/slick/slick.min.css]
[www.asu.edu.om/vendor/slick/ajax-loader.gif]
[www.asu.edu.om/vendor/slick/fonts/slick.eot]
[www.asu.edu.om/vendor/slick/fonts/slickd41dd41d.eot]
[www.asu.edu.om/vendor/slick/fonts/slick.woff]
[www.asu.edu.om/vendor/slick/fonts/slick.ttf]
[www.asu.edu.om/vendor/slick/slick-theme.min.css]
[unpkg.com/aos@2.3.1/dist/aos.css]
[www.asu.edu.om/Content/bootstrap.css]
[www.asu.edu.om/Content/fonts/Tajawal-Regular.ttf]
[www.asu.edu.om/Content/fonts/Raleway-Regular.ttf]
[www.asu.edu.om/img/bg/bg-3.jpg]
[www.asu.edu.om/img/bg/asu-bg-2.jpg]
[www.asu.edu.om/img/S_5.jpg]
[www.asu.edu.om/Content/css4934.css]
[www.asu.edu.om/Content/fonts/webfonts/fa-brands-400.woff2]
[www.asu.edu.om/Content/fonts/webfonts/fa-brands-400.ttf]
[www.asu.edu.om/Content/fonts/webfonts/fa-regular-400.woff2]
[www.asu.edu.om/Content/fonts/webfonts/fa-regular-400.ttf]
[www.asu.edu.om/Content/fonts/webfonts/fa-solid-900.woff2]
[www.asu.edu.om/Content/fonts/webfonts/fa-solid-900.ttf]
[www.asu.edu.om/Content/fonts/webfonts/fa-v4compatibility.woff2]
[www.asu.edu.om/Content/fonts/webfonts/fa-v4compatibility.ttf]
[www.asu.edu.om/Content/fonts/css/all.min.css]
[www.asu.edu.om/Content/bootstrap.rtl.css]
[www.asu.edu.om/Page/Details/1626517.html]
[www.asu.edu.om/Page/Details/163a463.html]
[www.asu.edu.om/ibra8dbe.html]
[www.asu.edu.om/Page/Dissertationsc75f.html]
[www.asu.edu.om/ibraf39a.html]
[www.asu.edu.om/ibra39d5.html]
[www.asu.edu.om/ibra388e.html]
[www.asu.edu.om/ibra8884.html]
[www.asu.edu.om/ibra0dd6.html]
[www.asu.edu.om/Page/Details/3796f6.html]
[www.asu.edu.om/files/University-Prospectus25_262755.pdf]
[www.asu.edu.om/programmes/Master/index0ff1.html]
[www.asu.edu.om/asufilesbeb3.html]
[www.asu.edu.om/qaaabe6.html]
[www.asu.edu.om/img/ArticleImgs/big/0.jpg]
[www.asu.edu.om/Mashreq/index37ed.html]
[www.asu.edu.om/page/details/37.html]
[www.asu.edu.om/img/LOGO235.png]
[www.asu.edu.om/Page/Details/37432c.html]
[www.asu.edu.om/Page/Details/14196f6.html]
[www.asu.edu.om/Page/Details/1415032.html]
[www.asu.edu.om/page/details/141.html]
[www.asu.edu.om/img/bg_qaa_1.jpg]
[www.asu.edu.om/QAA/index.html]
[www.asu.edu.om/Page/Details/6a8fb.html]
[www.asu.edu.om/QAA/Policies/index.html]
[www.asu.edu.om/img/bg_qaa_2.jpg]
[www.asu.edu.om/QAA/Role/index.html]
[www.asu.edu.om/img/bg_qaa_3.jpg]
[www.asu.edu.om/QAA/Accreditation/index.html]
[www.asu.edu.om/QAA/Contact/index.html]
[www.asu.edu.om/img/bg_qaa_4.jpg]
[www.asu.edu.om/img/bg_qaa_5.jpg]
[www.asu.edu.om/img/QAA-Committee-ASC.png]
[www.asu.edu.om/img/QAA-Committee-QAC.png]
[www.asu.edu.om/qaa.html]
[www.asu.edu.om/img/Team/bot-1.jpg]
[www.asu.edu.om/img/Team/bot-5.jpg]
[www.asu.edu.om/img/Team/bot-3.jpg]
[www.asu.edu.om/img/Team/bot-4.jpg]
[www.asu.edu.om/img/Team/bot-2.jpg]
[www.asu.edu.om/img/Team/bot-6.jpg]
[www.asu.edu.om/img/Team/bot-7.jpg]
[www.asu.edu.om/img/Team/bot-8.jpg]
[www.asu.edu.om/img/Team/bot-9.jpg]
[www.asu.edu.om/img/Team/bot-10.jpg]
[www.asu.edu.om/img/Team/bot-11.jpg]
[www.asu.edu.om/img/Team/Prof.Yahya.jpg]
[www.asu.edu.om/Team/index0827.html]
[www.asu.edu.om/img/Team/12.jpg]
[www.asu.edu.om/img/Team/13.jpg]
[www.asu.edu.om/img/Team/14.jpg]
[www.asu.edu.om/img/Team/15.jpg]
[www.asu.edu.om/img/Team/239.jpg]
[www.asu.edu.om/img/Team/240.jpg]
[www.asu.edu.om/img/Team/452.jpg]
[www.asu.edu.om/Team/indexdb80.html]
[www.asu.edu.om/img/Team/Sheikh.Hilal.Alshidhani.jpg]
[www.asu.edu.om/img/Team/Dr-Amal-Al-Mujaini.jpg]
[www.asu.edu.om/img/Team/Dr-Bader-Al-Kurousi.jpg]
[www.asu.edu.om/img/Team/Dr-Jamal-Al-Kadhuri.jpg]
[www.asu.edu.om/img/Team/Dr-Fatma-Al-Hajri.jpg]
[www.asu.edu.om/img/Team/Dr-Sharifa-Hamood-Al-Harthy.jpg]
[www.asu.edu.om/img/Team/Dr-Salma-Khamis-Ali-Al-Musharafi.jpg]
[www.asu.edu.om/Team/index4f4a.html]
[www.asu.edu.om/img/Team/Sheikh-Abdulrahman-bin-Ahmed-bin-Hamed-Al-Harthy.jpg]
[www.asu.edu.om/img/Team/Mr-Hussam-Hisham-Omar-Bostami.jpg]
[www.asu.edu.om/Team/index541e.html]
[www.asu.edu.om/MashreqFiles/68.pdf]
[www.asu.edu.om/MashreqFiles/67.pdf]
[www.asu.edu.om/Mashreq/index96f6.html]
[www.asu.edu.om/MashreqFiles/66.pdf]
[www.asu.edu.om/MashreqFiles/65.pdf]
[www.asu.edu.om/MashreqFiles/64.pdf]
[www.asu.edu.om/MashreqFiles/63.pdf]
[www.asu.edu.om/MashreqFiles/62.pdf]
[www.asu.edu.om/MashreqFiles/61.pdf]
[www.asu.edu.om/MashreqFiles/60.pdf]
[www.asu.edu.om/MashreqFiles/59.pdf]
[www.asu.edu.om/MashreqFiles/58.pdf]
[www.asu.edu.om/MashreqFiles/57.pdf]
[www.asu.edu.om/MashreqFiles/56.pdf]
[www.asu.edu.om/MashreqFiles/55.pdf]
[www.asu.edu.om/MashreqFiles/54.pdf]
[www.asu.edu.om/MashreqFiles/53.pdf]
[www.asu.edu.om/MashreqFiles/52.pdf]
[www.asu.edu.om/MashreqFiles/51.pdf]
[www.asu.edu.om/MashreqFiles/50.pdf]
[www.asu.edu.om/MashreqFiles/49.pdf]
[www.asu.edu.om/MashreqFiles/48.pdf]
[www.asu.edu.om/MashreqFiles/47.pdf]
[www.asu.edu.om/MashreqFiles/46.pdf]
[www.asu.edu.om/MashreqFiles/45.pdf]
[www.asu.edu.om/MashreqFiles/44.pdf]
[www.asu.edu.om/MashreqFiles/43.pdf]
[www.asu.edu.om/MashreqFiles/41.pdf]
[www.asu.edu.om/MashreqFiles/39.pdf]
[www.asu.edu.om/MashreqFiles/38.pdf]
[www.asu.edu.om/MashreqFiles/37.pdf]
[www.asu.edu.om/MashreqFiles/36.pdf]
[www.asu.edu.om/MashreqFiles/35.pdf]
[www.asu.edu.om/MashreqFiles/34.pdf]
[www.asu.edu.om/MashreqFiles/33.pdf]
[www.asu.edu.om/MashreqFiles/32.pdf]
[www.asu.edu.om/MashreqFiles/31.pdf]
[www.asu.edu.om/MashreqFiles/30.pdf]
[www.asu.edu.om/MashreqFiles/29.pdf]
[www.asu.edu.om/MashreqFiles/28.pdf]
[www.asu.edu.om/MashreqFiles/27.pdf]
[www.asu.edu.om/MashreqFiles/26.pdf]
[www.asu.edu.om/MashreqFiles/25.pdf]
[www.asu.edu.om/MashreqFiles/24.pdf]
[www.asu.edu.om/MashreqFiles/23.pdf]
[www.asu.edu.om/MashreqFiles/22.pdf]
[www.asu.edu.om/MashreqFiles/21.pdf]
[www.asu.edu.om/MashreqFiles/20.pdf]
[www.asu.edu.om/MashreqFiles/19.pdf]
[www.asu.edu.om/MashreqFiles/18.pdf]
[www.asu.edu.om/MashreqFiles/17.pdf]
[www.asu.edu.om/MashreqFiles/16.pdf]
[www.asu.edu.om/MashreqFiles/15.pdf]
[www.asu.edu.om/MashreqFiles/14.pdf]
[www.asu.edu.om/MashreqFiles/13.pdf]
[www.asu.edu.om/MashreqFiles/12.pdf]
[www.asu.edu.om/MashreqFiles/11.pdf]
[www.asu.edu.om/MashreqFiles/10.pdf]
[www.asu.edu.om/Mashreq/index.html]
[www.asu.edu.om/MashreqFiles/9/index.html]
[www.asu.edu.om/MashreqFiles/8/index.html]
[www.asu.edu.om/MashreqFiles/7/index.html]
[www.asu.edu.om/MashreqFiles/6/index.html]
[www.asu.edu.om/img/New-Slider-33.png]
[www.asu.edu.om/MashreqFiles/4/index.html]
[www.asu.edu.om/MashreqFiles/3/index.html]
[www.asu.edu.om/MashreqFiles/2/index.html]
[www.asu.edu.om/MashreqFiles/1/index.html]
[www.asu.edu.om/programmes.html]
[www.asu.edu.om/programmes/Diploma/index96f6.html]
[www.asu.edu.om/programmes/diploma-2.html]
[www.asu.edu.om/img/ArticleImgs/small/16.jpg]
[www.asu.edu.om/programmes/Details/16e89.html]
[www.asu.edu.om/programmes/Details/1ee34.html]
[www.asu.edu.om/img/ArticleImgs/small/18.jpg]
[www.asu.edu.om/programmes/Details/2939a.html]
[www.asu.edu.om/programmes/Details/24259.html]
[www.asu.edu.om/img/ArticleImgs/small/43.jpg]
[www.asu.edu.om/programmes/Details/43f1a1.html]
[www.asu.edu.om/programmes/Details/43264a.html]
[www.asu.edu.om/img/ArticleImgs/small/19.jpg]
[www.asu.edu.om/programmes/Details/331d6.html]
[www.asu.edu.om/programmes/Details/31cdf.html]
[www.asu.edu.om/img/ArticleImgs/small/17.jpg]
[www.asu.edu.om/programmes/Details/48ae6.html]
[www.asu.edu.om/programmes/Details/48272.html]
[www.asu.edu.om/img/ArticleImgs/small/379.jpg]
[www.asu.edu.om/programmes/Details/3788c76.html]
[www.asu.edu.om/programmes/Details/378dcd1.html]
[www.asu.edu.om/img/ArticleImgs/small/63.jpg]
[www.asu.edu.om/programmes/Details/65b413.html]
[www.asu.edu.om/programmes/Details/655268.html]
[www.asu.edu.om/img/ArticleImgs/small/66.jpg]
[www.asu.edu.om/programmes/Details/679a1b.html]
[www.asu.edu.om/programmes/Details/6779b6.html]
[www.asu.edu.om/img/ArticleImgs/small/347.jpg]
[www.asu.edu.om/programmes/Details/3894c06.html]
[www.asu.edu.om/programmes/Details/3891b04.html]
[www.asu.edu.om/img/ArticleImgs/small/69.jpg]
[www.asu.edu.om/programmes/Details/691439.html]
[www.asu.edu.om/programmes/Details/6994ad.html]
[www.asu.edu.om/img/ArticleImgs/small/70.jpg]
[www.asu.edu.om/programmes/Details/71c776.html]
[www.asu.edu.om/img/ArticleImgs/small/131.jpg]
[www.asu.edu.om/programmes/Details/1319973.html]
[www.asu.edu.om/img/ArticleImgs/small/386.jpg]
[www.asu.edu.om/programmes/Details/381b1b1.html]
[www.asu.edu.om/programmes/Details/381bfe0.html]
[www.asu.edu.om/programmes/Details/3858218.html]
[www.asu.edu.om/programmes/Diploma/index.html]
[www.asu.edu.om/programmes/Details/3850f15.html]
[www.asu.edu.om/programmes/bachelors-2.html]
[www.asu.edu.om/programmes/Bachelors/index96f6.html]
[www.asu.edu.om/programmes/Details/163cda.html]
[www.asu.edu.om/programmes/Details/16a51d.html]
[www.asu.edu.om/img/ArticleImgs/small/42.jpg]
[www.asu.edu.om/programmes/Details/4280ef.html]
[www.asu.edu.om/programmes/Details/42307e.html]
[www.asu.edu.om/img/ArticleImgs/small/376.jpg]
[www.asu.edu.om/programmes/Details/3765dff.html]
[www.asu.edu.om/programmes/Details/376dd2c.html]
[www.asu.edu.om/programmes/Details/17408f.html]
[www.asu.edu.om/programmes/Details/179ef0.html]
[www.asu.edu.om/img/ArticleImgs/small/38.jpg]
[www.asu.edu.om/programmes/Details/18271b.html]
[www.asu.edu.om/programmes/Details/38ee17.html]
[www.asu.edu.om/programmes/Details/38db33.html]
[www.asu.edu.om/programmes/Details/3794be7.html]
[www.asu.edu.om/programmes/Details/3797751.html]
[www.asu.edu.om/programmes/Details/19b2e8.html]
[www.asu.edu.om/programmes/Details/19a209.html]
[www.asu.edu.om/programmes/Details/512ea74.html]
[www.asu.edu.om/programmes/Details/553a18a.html]
[www.asu.edu.om/programmes/Details/5539d14.html]
[www.asu.edu.om/programmes/Details/64c575.html]
[www.asu.edu.om/programmes/Details/5128f62.html]
[www.asu.edu.om/programmes/Details/6497cb.html]
[www.asu.edu.om/img/ArticleImgs/small/72.jpg]
[www.asu.edu.om/programmes/Details/72706f.html]
[www.asu.edu.om/programmes/Details/72e223.html]
[www.asu.edu.om/programmes/Details/5029d7f.html]
[www.asu.edu.om/programmes/Details/503bc65.html]
[www.asu.edu.om/programmes/Details/503c4ed.html]
[www.asu.edu.om/programmes/Details/666239.html]
[www.asu.edu.om/programmes/Details/502779c.html]
[www.asu.edu.om/programmes/Details/6639d4.html]
[www.asu.edu.om/programmes/Details/347fd76.html]
[www.asu.edu.om/programmes/Details/347470a.html]
[www.asu.edu.om/programmes/Details/511a3f9.html]
[www.asu.edu.om/programmes/Details/5112ee7.html]
[www.asu.edu.om/img/ArticleImgs/small/68.jpg]
[www.asu.edu.om/programmes/Details/685323.html]
[www.asu.edu.om/programmes/Details/68ff3c.html]
[www.asu.edu.om/programmes/Details/704276.html]
[www.asu.edu.om/img/ArticleImgs/small/78.jpg]
[www.asu.edu.om/programmes/Details/78e891.html]
[www.asu.edu.om/img/ArticleImgs/small/79.jpg]
[www.asu.edu.om/programmes/Details/79e1c9.html]
[www.asu.edu.om/img/ArticleImgs/small/80.jpg]
[www.asu.edu.om/programmes/Details/805983.html]
[www.asu.edu.om/programmes/Details/798194.html]
[www.asu.edu.om/programmes/Details/8092f1.html]
[www.asu.edu.om/img/ArticleImgs/small/150.jpg]
[www.asu.edu.om/programmes/Details/150e9d7.html]
[www.asu.edu.om/programmes/Details/150044f.html]
[www.asu.edu.om/programmes/Details/509351d.html]
[www.asu.edu.om/programmes/Details/509997c.html]
[www.asu.edu.om/programmes/Details/51038ee.html]
[www.asu.edu.om/programmes/Details/510a7df.html]
[www.asu.edu.om/img/ArticleImgs/small/82.jpg]
[www.asu.edu.om/programmes/Details/82912b.html]
[www.asu.edu.om/img/ArticleImgs/small/98.jpg]
[www.asu.edu.om/programmes/Details/984ff2.html]
[www.asu.edu.om/img/ArticleImgs/small/130.jpg]
[www.asu.edu.om/programmes/Details/1308a6a.html]
[www.asu.edu.om/img/ArticleImgs/small/230.jpg]
[www.asu.edu.om/programmes/Details/2305b19.html]
[www.asu.edu.om/programmes/Details/230a120.html]
[www.asu.edu.om/img/ArticleImgs/small/380.jpg]
[www.asu.edu.om/programmes/Details/3801986.html]
[www.asu.edu.om/programmes/Details/380d1cf.html]
[www.asu.edu.om/programmes/Details/386db9c.html]
[www.asu.edu.om/programmes/Details/3868d72.html]
[www.asu.edu.om/programmes/Details/41954da.html]
[www.asu.edu.om/programmes/Details/41936ac.html]
[www.asu.edu.om/img/ArticleImgs/small/0.jpg]
[www.asu.edu.om/programmes/Details/5048882.html]
[www.asu.edu.om/programmes/Details/50434cc.html]
[www.asu.edu.om/programmes/Bachelors/index.html]
[www.asu.edu.om/programmes/Details/383cb48.html]
[www.asu.edu.om/programmes/Master/index96f6.html]
[www.asu.edu.om/img/ArticleImgs/small/531.jpg]
[www.asu.edu.om/programmes/master-2.html]
[www.asu.edu.om/programmes/Details/38307fa.html]
[www.asu.edu.om/programmes/Details/5318c43.html]
[www.asu.edu.om/programmes/Details/5313961.html]
[www.asu.edu.om/programmes/Details/5083e15.html]
[www.asu.edu.om/programmes/Details/5085b15.html]
[www.asu.edu.om/programmes/Details/505a2ce.html]
[www.asu.edu.om/programmes/Details/5057bdf.html]
[www.asu.edu.om/programmes/Details/5014991.html]
[www.asu.edu.om/programmes/Details/50159d1.html]
[www.asu.edu.om/programmes/Details/418e8aa.html]
[www.asu.edu.om/programmes/Details/4185ccd.html]
[www.asu.edu.om/programmes/Details/417f01d.html]
[www.asu.edu.om/programmes/Details/417bb9b.html]
[www.asu.edu.om/img/ArticleImgs/small/368.jpg]
[www.asu.edu.om/programmes/Details/368d0dd.html]
[www.asu.edu.om/programmes/Details/368a72f.html]
[www.asu.edu.om/img/ArticleImgs/small/367.jpg]
[www.asu.edu.om/programmes/Details/500908b.html]
[www.asu.edu.om/programmes/Details/367b5ea.html]
[www.asu.edu.om/programmes/Details/3674ea4.html]
[www.asu.edu.om/img/ArticleImgs/small/366.jpg]
[www.asu.edu.om/programmes/Details/3663f5f.html]
[www.asu.edu.om/img/ArticleImgs/small/140.jpg]
[www.asu.edu.om/programmes/Details/366d18d.html]
[www.asu.edu.om/programmes/Details/1402c7a.html]
[www.asu.edu.om/programmes/Details/63b043.html]
[www.asu.edu.om/programmes/Details/63f7ca.html]
[www.asu.edu.om/programmes/Details/539ba4b.html]
[www.asu.edu.om/programmes/Details/5390b43.html]
[www.asu.edu.om/img/ArticleImgs/small/44.jpg]
[www.asu.edu.om/programmes/Details/44457e.html]
[www.asu.edu.om/programmes/Details/4465fc.html]
[www.asu.edu.om/programmes/Details/544aff6.html]
[www.asu.edu.om/programmes/Details/5446674.html]
[www.asu.edu.om/programmes/Details/543037a.html]
[www.asu.edu.om/programmes/Master/index.html]
[www.asu.edu.om/programmes/Details/543cd5a.html]
[www.asu.edu.om/COBA96f6.html]
[www.asu.edu.om/coba-2.html]
[www.asu.edu.om/img/logo-COBA.jpg]
[www.asu.edu.om/Page/Details/5347b3.html]
[www.asu.edu.om/Page/Details/159df0a.html]
[www.asu.edu.om/COBA.html]
[www.asu.edu.om/Team/Details/59f094.html]
[www.asu.edu.om/team/indexaa09-2.html]
[www.asu.edu.om/COE96f6.html]
[www.asu.edu.om/coe-2.html]
[www.asu.edu.om/img/logo-COE.jpg]
[www.asu.edu.om/Page/Details/73cdc3.html]
[www.asu.edu.om/Page/Details/513246d.html]
[www.asu.edu.om/Page/Details/514fe08.html]
[www.asu.edu.om/Page/Details/5155d40.html]
[www.asu.edu.om/Page/Details/5170ba6.html]
[www.asu.edu.om/Page/Details/51894a5.html]
[www.asu.edu.om/programmes/Details/5422a08.html]
[www.asu.edu.om/programmes/Details/541f713.html]
[www.asu.edu.om/Page/Details/51742cb.html]
[www.asu.edu.om/Page/Details/518ea0e.html]
[www.asu.edu.om/COE.html]
[www.asu.edu.om/Page/Details/51642cb.html]
[www.asu.edu.om/Page/Details/519ff52.html]
[www.asu.edu.om/CAHS96f6.html]
[www.asu.edu.om/cahs-2.html]
[www.asu.edu.om/img/logo-CAHS.jpg]
[www.asu.edu.om/team/index139e-2.html]
[www.asu.edu.om/Page/Details/545be4.html]
[www.asu.edu.om/Page/Details/352df0a.html]
[www.asu.edu.om/CAHS.html]
[www.asu.edu.om/Team/Details/1602.html]
[www.asu.edu.om/COAH96f6.html]
[www.asu.edu.om/coah-2.html]
[www.asu.edu.om/img/logo-COAH.jpg]
[www.asu.edu.om/Page/Details/55f0b4.html]
[www.asu.edu.om/Page/Details/144df0a.html]
[www.asu.edu.om/Team/Details/130da36.html]
[www.asu.edu.om/COAH.html]
[www.asu.edu.om/programmes/Details/24ecfd.html]
[www.asu.edu.om/img/Team/Khalid.Dahleez.png]
[www.asu.edu.om/team/index7baf-2.html]
[www.asu.edu.om/img/Team/saleh.alsinawi.png]
[www.asu.edu.om/Team/Details/106f092.html]
[www.asu.edu.om/img/Team/mohammad.alrashdi.png]
[www.asu.edu.om/Team/Details/435c2f0.html]
[www.asu.edu.om/img/Team/hayel.tashtoush.png]
[www.asu.edu.om/img/Team/no-img.jpg]
[www.asu.edu.om/Team/Details/2375289.html]
[www.asu.edu.om/Team/Details/4631378.html]
[www.asu.edu.om/img/Team/ramzi.sallem.png]
[www.asu.edu.om/Team/Details/241bed5.html]
[www.asu.edu.om/img/Team/abdullah.almaawali.png]
[www.asu.edu.om/Team/Details/386e6ec.html]
[www.asu.edu.om/img/Team/abdelsalam.adam.png]
[www.asu.edu.om/Team/Details/1519a014.html]
[www.asu.edu.om/Team/Details/496a4eb.html]
[www.asu.edu.om/img/Team/mohammed.salah.png]
[www.asu.edu.om/Team/Details/1570f2ba.html]
[www.asu.edu.om/img/Team/alhamza.alnoor.png]
[www.asu.edu.om/Team/Details/15824709.html]
[www.asu.edu.om/Team/Details/151857a9.html]
[www.asu.edu.om/img/Team/elias.shahda.png]
[www.asu.edu.om/Team/Details/4211a2d.html]
[www.asu.edu.om/img/Team/muhammad.shafiq.png]
[www.asu.edu.om/Team/Details/1606a547.html]
[www.asu.edu.om/img/Team/no-image.png]
[www.asu.edu.om/Team/Details/95312e.html]
[www.asu.edu.om/img/Team/saleh.alazri.png]
[www.asu.edu.om/Team/Details/5159a84.html]
[www.asu.edu.om/img/Team/mohamed.bashir.png]
[www.asu.edu.om/Team/Details/61f6a3.html]
[www.asu.edu.om/img/Team/abdulhakim.mohamed.png]
[www.asu.edu.om/Team/Details/576cd9.html]
[www.asu.edu.om/img/Team/yasir.abdulgadir.png]
[www.asu.edu.om/Team/Details/450a5db.html]
[www.asu.edu.om/img/Team/ahmed.iqbal@asu.edu.om.png]
[www.asu.edu.om/Team/Details/16081ca7.html]
[www.asu.edu.om/Team/Details/46675a2.html]
[www.asu.edu.om/img/Team/akbar.khanan.png]
[www.asu.edu.om/img/Team/fawzi.almaqtari.png]
[www.asu.edu.om/Team/Details/491cdaf.html]
[www.asu.edu.om/img/Team/hamood.alhattami.png]
[www.asu.edu.om/Team/Details/497c3a5.html]
[www.asu.edu.om/img/Team/amur.alhajri.png]
[www.asu.edu.om/Team/Details/436018b.html]
[www.asu.edu.om/img/Team/abdulhadi.ibrahim.png]
[www.asu.edu.om/Team/Details/510b56.html]
[www.asu.edu.om/Team/Details/1517c48e.html]
[www.asu.edu.om/img/Team/tarek.chebbi.png]
[www.asu.edu.om/Team/Details/15926eef.html]
[www.asu.edu.om/img/Team/Hisham.AlGhunaimi.png]
[www.asu.edu.om/Team/Details/3850e0e.html]
[www.asu.edu.om/Team/Details/46531bd.html]
[www.asu.edu.om/img/Team/ayman.ismaeil.png]
[www.asu.edu.om/Team/Details/5423fd.html]
[www.asu.edu.om/img/Team/tarek.hamdi.png]
[www.asu.edu.om/Team/Details/110a5b5.html]
[www.asu.edu.om/img/Team/mahnad.alshahaibi.png]
[www.asu.edu.om/Team/Details/15317208.html]
[www.asu.edu.om/Team/indexaa09.html]
[www.asu.edu.om/Team/Details/15814ca2.html]
[www.asu.edu.om/img/Team/talal.alwahaibi.png]
[www.asu.edu.om/Team/Details/4146256.html]
[www.asu.edu.om/img/Team/kabbani_a.png]
[www.asu.edu.om/img/Team/Motasem.Alazaiza.png]
[www.asu.edu.om/Team/Details/3912da.html]
[www.asu.edu.om/Team/Details/149333b.html]
[www.asu.edu.om/img/Team/mohamed.elhameed.png]
[www.asu.edu.om/Team/Details/4097f66.html]
[www.asu.edu.om/img/Team/ayman.png]
[www.asu.edu.om/Team/Details/1609fc02.html]
[www.asu.edu.om/Team/Details/428157.html]
[www.asu.edu.om/Team/Details/45318a6.html]
[www.asu.edu.om/img/Team/Ali.Istanbullu.png]
[www.asu.edu.om/Team/Details/40c83e.html]
[www.asu.edu.om/img/Team/Mahfouz.Saeed.png]
[www.asu.edu.om/Team/Details/444563.html]
[www.asu.edu.om/img/Team/madhusudhan.ramu@asu.edu.om.png]
[www.asu.edu.om/img/Team/mohamed.ramadan.png]
[www.asu.edu.om/Team/Details/470cad1.html]
[www.asu.edu.om/Team/Details/15717f09.html]
[www.asu.edu.om/img/Team/mahmoud.elkhouli.png]
[www.asu.edu.om/img/Team/shaban.zangena.png]
[www.asu.edu.om/Team/Details/1573d41e.html]
[www.asu.edu.om/Team/Details/15745f38.html]
[www.asu.edu.om/img/Team/touqeer.ahmed.png]
[www.asu.edu.om/Team/Details/1575bc35.html]
[www.asu.edu.om/Team/Details/158460f7.html]
[www.asu.edu.om/Team/Details/15850935.html]
[www.asu.edu.om/img/Team/ilias.said.png]
[www.asu.edu.om/Team/Details/1591f382.html]
[www.asu.edu.om/img/Team/mohammed.javeed.png]
[www.asu.edu.om/Team/Details/49a6ac.html]
[www.asu.edu.om/img/Team/Omar.Al-Maskari.png]
[www.asu.edu.om/Team/Details/3610e7a.html]
[www.asu.edu.om/img/Team/abdul.manan.png]
[www.asu.edu.om/Team/Details/38ce91.html]
[www.asu.edu.om/Team/Details/151e5f7.html]
[www.asu.edu.om/Team/Details/1523a5ba.html]
[www.asu.edu.om/Team/Details/1605885b.html]
[www.asu.edu.om/img/Team/roysluneta.png]
[www.asu.edu.om/Team/Details/15079ef.html]
[www.asu.edu.om/Team/Details/15336b61.html]
[www.asu.edu.om/Team/Details/1534a126.html]
[www.asu.edu.om/Team/Details/1535ce3d.html]
[www.asu.edu.om/Team/Details/15503a97.html]
[www.asu.edu.om/Team/index139e.html]
[www.asu.edu.om/Team/Details/16034eaa.html]
[www.asu.edu.om/img/Team/hilal.alrahbi.jpg]
[www.asu.edu.om/Team/Details/16021cc9.html]
[www.asu.edu.om/img/Team/knasiruddin.png]
[www.asu.edu.om/Team/Details/1750f5c.html]
[www.asu.edu.om/Team/Details/1760975.html]
[www.asu.edu.om/img/Team/mahmoud.elnaggar.jpg]
[www.asu.edu.om/Team/Details/442f5c9.html]
[www.asu.edu.om/img/Team/drjamals.png]
[www.asu.edu.om/Team/Details/1667c98.html]
[www.asu.edu.om/img/Team/mohammed.albahri.png]
[www.asu.edu.om/Team/Details/172cee9.html]
[www.asu.edu.om/img/Team/mohammed.alhinaai.png]
[www.asu.edu.om/Team/Details/1677925.html]
[www.asu.edu.om/Team/Details/173a9fe.html]
[www.asu.edu.om/img/Team/abdullahi.aliyu.png]
[www.asu.edu.om/Team/Details/443ae09.html]
[www.asu.edu.om/Team/Details/162264f6.html]
[www.asu.edu.om/Team/Details/1516b3c0.html]
[www.asu.edu.om/img/Team/ranjay.choudhary.png]
[www.asu.edu.om/Team/Details/1619b898.html]
[www.asu.edu.om/Team/Details/1621da46.html]
[www.asu.edu.om/Team/Details/183ecef.html]
[www.asu.edu.om/img/Team/said.alghenaimi.png]
[www.asu.edu.om/Team/Details/1540b59.html]
[www.asu.edu.om/img/Team/qais.alrawahi.png]
[www.asu.edu.om/Team/Details/38877f7.html]
[www.asu.edu.om/img/Team/adamu.abubakar.png]
[www.asu.edu.om/Team/Details/4725f42.html]
[www.asu.edu.om/Team/Details/4419c2d.html]
[www.asu.edu.om/img/Team/rabab.mahmoud.png]
[www.asu.edu.om/Team/Details/501ef4d.html]
[www.asu.edu.om/img/Team/einas.osman.png]
[www.asu.edu.om/Team/Details/4988f12.html]
[www.asu.edu.om/img/Team/salim.alkamiyani.png]
[www.asu.edu.om/Team/Details/15603005.html]
[www.asu.edu.om/Team/Details/1576a916.html]
[www.asu.edu.om/img/Team/ashok.kumar.png]
[www.asu.edu.om/Team/Details/1561d228.html]
[www.asu.edu.om/Team/Details/15598794.html]
[www.asu.edu.om/img/Team/ahmed.abdelfattah.png]
[www.asu.edu.om/Team/Details/15897b9d.html]
[www.asu.edu.om/Team/Details/15903e91.html]
[www.asu.edu.om/img/Team/ahmad.alazab.png]
[www.asu.edu.om/Team/Details/162007b2.html]
[www.asu.edu.om/Team/Details/158f5d4.html]
[www.asu.edu.om/Team/Details/44490e6.html]
[www.asu.edu.om/Team/Details/2593e01.html]
[www.asu.edu.om/img/Team/rakshanda.batool.png]
[www.asu.edu.om/Team/Details/500e0f0.html]
[www.asu.edu.om/img/Team/abdulmalik.alhaimli.png]
[www.asu.edu.om/Team/Details/275bd43.html]
[www.asu.edu.om/Team/Details/180ca65.html]
[www.asu.edu.om/Team/Details/162305f5.html]
[www.asu.edu.om/Team/Details/255637d.html]
[www.asu.edu.om/Team/Details/1874bb6.html]
[www.asu.edu.om/Team/Details/181f430.html]
[www.asu.edu.om/Team/Details/391730f.html]
[www.asu.edu.om/img/Team/Basil.almaskari.png]
[www.asu.edu.om/Team/Details/3871e42.html]
[www.asu.edu.om/Team/Details/1539981c.html]
[www.asu.edu.om/Team/Details/15376b2c.html]
[www.asu.edu.om/Team/Details/15388c4b.html]
[www.asu.edu.om/Team/Details/160040b3.html]
[www.asu.edu.om/Team/Details/160134c1.html]
[www.asu.edu.om/Team/Details/1626f511.html]
[www.asu.edu.om/Team/Details/1627c63b.html]
[www.asu.edu.om/Team/Details/16282b7e.html]
[www.asu.edu.om/Team/Details/251c701.html]
[www.asu.edu.om/img/Team/ishaq.almahagri.png]
[www.asu.edu.om/Team/index63ee.html]
[www.asu.edu.om/img/Team/Mohammed.Alsaqri.png]
[www.asu.edu.om/Team/Details/15408b4e.html]
[www.asu.edu.om/Team/Details/13003c6.html]
[www.asu.edu.om/img/Team/mohammed.alsinani.png]
[www.asu.edu.om/Team/Details/1322a9b.html]
[www.asu.edu.om/img/Team/ahmed.alrumhi.png]
[www.asu.edu.om/Team/Details/26726cd.html]
[www.asu.edu.om/Team/Details/114ae1b.html]
[www.asu.edu.om/img/Team/abdullah.alfarsi.png]
[www.asu.edu.om/Team/Details/1134d5b.html]
[www.asu.edu.om/img/Team/godwin.john.png]
[www.asu.edu.om/Team/Details/122c95d.html]
[www.asu.edu.om/img/Team/y.alkasbi.png]
[www.asu.edu.om/Team/Details/145486b.html]
[www.asu.edu.om/img/Team/mar.safa.png]
[www.asu.edu.om/Team/Details/398f123.html]
[www.asu.edu.om/img/Team/Yousef.AlMamri.png]
[www.asu.edu.om/Team/Details/144dfbd.html]
[www.asu.edu.om/img/Team/ali.alfarsi.png]
[www.asu.edu.om/Team/Details/1153f6f.html]
[www.asu.edu.om/img/Team/Esam.allawati.png]
[www.asu.edu.om/img/Team/jokah.alsawafi.png]
[www.asu.edu.om/Team/Details/119d8d0.html]
[www.asu.edu.om/Team/Details/125f057.html]
[www.asu.edu.om/img/Team/rashid.alhajri.png]
[www.asu.edu.om/Team/Details/13749d5.html]
[www.asu.edu.om/img/Team/amjad.joma.png]
[www.asu.edu.om/Team/Details/116eb90.html]
[www.asu.edu.om/img/Team/Sharif.Alsoudi.png]
[www.asu.edu.om/Team/Details/1415d0f.html]
[www.asu.edu.om/img/Team/bashir.elbashir.png]
[www.asu.edu.om/Team/Details/20863cd.html]
[www.asu.edu.om/img/Team/Hamed.Alanqodi.png]
[www.asu.edu.om/Team/Details/2127c13.html]
[www.asu.edu.om/img/Team/mohammed.altobi.png]
[www.asu.edu.om/Team/Details/13121ea.html]
[www.asu.edu.om/img/Team/said.alrashidi.png]
[www.asu.edu.om/Team/Details/2664e43.html]
[www.asu.edu.om/img/Team/fatma.almukhaini.png]
[www.asu.edu.om/Team/Details/270f3f9.html]
[www.asu.edu.om/img/Team/amur.alhabsi.png]
[www.asu.edu.om/img/Team/amina.quader.png]
[www.asu.edu.om/Team/Details/117e048.html]
[www.asu.edu.om/Team/Details/2607eb3.html]
[www.asu.edu.om/img/Team/humaid.al-hajri.png]
[www.asu.edu.om/Team/Details/4295c4d.html]
[www.asu.edu.om/img/Team/nasser.alnadabi.png]
[www.asu.edu.om/Team/Details/431012e.html]
[www.asu.edu.om/img/Team/ahmed.alhadrami.png]
[www.asu.edu.om/img/Team/hamed.alsharji.png]
[www.asu.edu.om/Team/Details/280aa6d.html]
[www.asu.edu.om/Team/Details/4285271.html]
[www.asu.edu.om/img/Team/mohammed.aljamoodi.png]
[www.asu.edu.om/Team/Details/424e28d.html]
[www.asu.edu.om/Team/Details/46102f5.html]
[www.asu.edu.om/Team/Details/474d7b6.html]
[www.asu.edu.om/Team/Details/4750e56.html]
[www.asu.edu.om/Team/Details/476c09e.html]
[www.asu.edu.om/Team/Details/477057e.html]
[www.asu.edu.om/Team/Details/502d512.html]
[www.asu.edu.om/Team/Details/5036b8e.html]
[www.asu.edu.om/img/Team/asmaa.shinkar.png]
[www.asu.edu.om/Team/Details/514887c.html]
[www.asu.edu.om/Team/Details/505ce40.html]
[www.asu.edu.om/Team/Details/506e1c8.html]
[www.asu.edu.om/Team/Details/5074808.html]
[www.asu.edu.om/Team/Details/5088870.html]
[www.asu.edu.om/img/Team/shafiqa.fakir.png]
[www.asu.edu.om/Team/Details/1528f7c6.html]
[www.asu.edu.om/Team/Details/1522ddd5.html]
[www.asu.edu.om/Team/Details/15632e33.html]
[www.asu.edu.om/Team/Details/15647460.html]
[www.asu.edu.om/Team/Details/1565b73f.html]
[www.asu.edu.om/Team/Details/15698b1a.html]
[www.asu.edu.om/Team/Details/15838f12.html]
[www.asu.edu.om/Team/Details/15863a5d.html]
[www.asu.edu.om/Team/Details/1588fc55.html]
[www.asu.edu.om/img/Team/mohammed.alrawahi.png]
[www.asu.edu.om/Team/Details/43016a2.html]
[www.asu.edu.om/Team/Details/161443d0.html]
[www.asu.edu.om/Team/Details/5096b16.html]
[www.asu.edu.om/Team/Details/1616b30a.html]
[www.asu.edu.om/Team/Details/16179e2a.html]
[www.asu.edu.om/Team/Details/1611b15e.html]
[www.asu.edu.om/Team/Details/1615f8e8.html]
[www.asu.edu.om/Team/Details/161250f9.html]
[www.asu.edu.om/Team/Details/433f91e.html]
[www.asu.edu.om/Team/Details/138e0a2.html]
[www.asu.edu.om/Team/Details/142f4f7.html]
[www.asu.edu.om/Team/Details/4321a99.html]
[www.asu.edu.om/Team/Details/1618a0f8.html]
[www.asu.edu.om/Team/Details/1610a18a.html]
[www.asu.edu.om/Team/index7baf.html]
[www.asu.edu.om/Team/Details/1613a18a.html]
[www.asu.edu.om/img/Team/khalil.albusaidi.png]
[www.asu.edu.om/Team/Details/15873d22.html]
[www.asu.edu.om/Team/Details/2445772.html]
[www.asu.edu.om/img/Team/murtadha.kheiri.png]
[www.asu.edu.om/img/Team/nizar.qeshta.png]
[www.asu.edu.om/Team/Details/425e90a.html]
[www.asu.edu.om/Team/Details/1973ba8.html]
[www.asu.edu.om/img/Team/saleh.almamari.png]
[www.asu.edu.om/Team/Details/188593f.html]
[www.asu.edu.om/img/Team/salim.almusalhi.png]
[www.asu.edu.om/img/Team/hamed.alsaadi.png]
[www.asu.edu.om/Team/Details/24593b8.html]
[www.asu.edu.om/img/Team/hilal.alrashdi.png]
[www.asu.edu.om/Team/Details/19851c2.html]
[www.asu.edu.om/Team/Details/2813c2b.html]
[www.asu.edu.om/img/Team/khalid.alkhamisi.png]
[www.asu.edu.om/Team/Details/4403b15.html]
[www.asu.edu.om/img/Team/mohamed.alhamadi.png]
[www.asu.edu.om/Team/Details/4392726.html]
[www.asu.edu.om/img/Team/saleh.alkharusi.png]
[www.asu.edu.om/Team/Details/1572f554.html]
[www.asu.edu.om/img/Team/ahmed.albarwani.png]
[www.asu.edu.om/Team/Details/478b47e.html]
[www.asu.edu.om/img/Team/racem.gassara.png]
[www.asu.edu.om/Team/Details/5103a6f.html]
[www.asu.edu.om/img/Team/Fahad.Alaagbari.png]
[www.asu.edu.om/Team/Details/27101df.html]
[www.asu.edu.om/Team/Details/1938f07.html]
[www.asu.edu.om/Team/indexcda1.html]
[www.asu.edu.om/Team/Details/16047d71.html]
[www.asu.edu.om/img/Team/waleed.alharthy.png]
[www.asu.edu.om/Team/Details/200a4f0.html]
[www.asu.edu.om/img/Team/aries.dahan.png]
[www.asu.edu.om/Team/Details/1549cc89.html]
[www.asu.edu.om/Team/Details/1554fe2d.html]
[www.asu.edu.om/img/Team/aamal.alkharusi.png]
[www.asu.edu.om/Team/Details/3778247.html]
[www.asu.edu.om/img/Team/fatema.alhakamani.png]
[www.asu.edu.om/Team/Details/485d977.html]
[www.asu.edu.om/img/Team/nehad.alharthi.png]
[www.asu.edu.om/Team/Details/224fe8d.html]
[www.asu.edu.om/Team/Details/479e914.html]
[www.asu.edu.om/img/Team/alhaitham.aljahwari.png]
[www.asu.edu.om/Team/Details/1526191e.html]
[www.asu.edu.om/img/Team/saliha.al-saadi.png]
[www.asu.edu.om/Team/Details/483de1b.html]
[www.asu.edu.om/img/Team/h.rehman.png]
[www.asu.edu.om/Team/Details/211877d.html]
[www.asu.edu.om/Team/Details/4878045.html]
[www.asu.edu.om/img/Team/badar.albaloshi.png]
[www.asu.edu.om/Team/Details/207ed09.html]
[www.asu.edu.om/Team/Details/1556247c.html]
[www.asu.edu.om/Team/Details/15972fce.html]
[www.asu.edu.om/img/Team/jahina.alabri.png]
[www.asu.edu.om/Team/Details/1558c9cd.html]
[www.asu.edu.om/img/Team/Khalfan.almamari.png]
[www.asu.edu.om/Team/Details/217686d.html]
[www.asu.edu.om/Team/Details/488c086.html]
[www.asu.edu.om/Team/Details/1544fabd.html]
[www.asu.edu.om/img/Team/sadia.masoud.png]
[www.asu.edu.om/Team/Details/1547193a.html]
[www.asu.edu.om/img/Team/maxine.rodriguez.png]
[www.asu.edu.om/Team/Details/15672ffa.html]
[www.asu.edu.om/Team/Details/20632a5.html]
[www.asu.edu.om/Team/Details/15270c21.html]
[www.asu.edu.om/Team/Details/1553578d.html]
[www.asu.edu.om/img/Team/mujahid.alzakwani.png]
[www.asu.edu.om/Team/Details/155289af.html]
[www.asu.edu.om/Team/Details/1557ae4e.html]
[www.asu.edu.om/img/Team/saleh.alhajri.png]
[www.asu.edu.om/Team/Details/3999ece.html]
[www.asu.edu.om/img/Team/Maha.alharthi.png]
[www.asu.edu.om/Team/Details/2191e90.html]
[www.asu.edu.om/img/Team/rahma.al-ghenaimi.png]
[www.asu.edu.om/Team/Details/397e3a0.html]
[www.asu.edu.om/img/Team/hayam.albusaidi.png]
[www.asu.edu.om/Team/Details/1525d0e2.html]
[www.asu.edu.om/Team/Details/15958c02.html]
[www.asu.edu.om/Team/Details/1598fc7e.html]
[www.asu.edu.om/Team/Details/15516c5f.html]
[www.asu.edu.om/Team/Details/4006947.html]
[www.asu.edu.om/Team/Details/1555748b.html]
[www.asu.edu.om/img/Team/said.alnahwi.jpg]
[www.asu.edu.om/Team/Details/225a818.html]
[www.asu.edu.om/Team/Details/201f185.html]
[www.asu.edu.om/img/Team/abdullah.al-maawali.png]
[www.asu.edu.om/Team/Details/159330c8.html]
[www.asu.edu.om/img/Team/othman.alamri.png]
[www.asu.edu.om/Team/Details/1596fccc.html]
[www.asu.edu.om/img/Team/azza.alghafri.png]
[www.asu.edu.om/Team/Details/381234d.html]
[www.asu.edu.om/Team/Details/16257e29.html]
[www.asu.edu.om/img/Team/khoula.alsiyabi.png]
[www.asu.edu.om/Team/Details/394e325.html]
[www.asu.edu.om/img/Team/asaad.alghafri.png]
[www.asu.edu.om/Team/Details/15682487.html]
[www.asu.edu.om/img/Team/salama.alsinawi.png]
[www.asu.edu.om/Team/Details/2265c65.html]
[www.asu.edu.om/img/Team/moosa.alnomani.png]
[www.asu.edu.om/Team/Details/15455f48.html]
[www.asu.edu.om/Team/Details/159496a8.html]
[www.asu.edu.om/Team/Details/489a9f5.html]
[www.asu.edu.om/Team/indexf7aa.html]
[www.asu.edu.om/Page/Details/4796f6.html]
[www.asu.edu.om/page/details/47.html]
[www.asu.edu.om/Team/Details/393cf4a.html]
[www.asu.edu.om/Page/Details/532ac6f.html]
[www.asu.edu.om/Page/Details/533e9e1.html]
[www.asu.edu.om/Page/Details/53407fb.html]
[www.asu.edu.om/Page/Details/538732c.html]
[www.asu.edu.om/Page/Details/535ebeb.html]
[www.asu.edu.om/Page/Details/537f93c.html]
[www.asu.edu.om/Page/Details/536a19b.html]
[www.asu.edu.om/files/ParentsGuide.pdf]
[www.asu.edu.om/Page/Details/47c8cb.html]
[www.asu.edu.om/IT96f6.html]
[www.asu.edu.om/Page/Details/405660c.html]
[www.asu.edu.om/Page/Details/412a66a.html]
[www.asu.edu.om/Page/Details/413f1a2.html]
[www.asu.edu.om/Page/Details/410cc20.html]
[www.asu.edu.om/Page/Details/415ec71.html]
[www.asu.edu.om/Page/Details/407ae60.html]
[www.asu.edu.om/Page/Details/408dd1b.html]
[www.asu.edu.om/Page/Details/4092b59.html]
[www.asu.edu.om/Page/Details/411bca3.html]
[www.asu.edu.om/IT/OurTeam/index.html]
[www.asu.edu.om/IT/Details/412a66a.html]
[www.asu.edu.om/IT/index.html]
[www.asu.edu.om/IT/Details/413f1a2.html]
[www.asu.edu.om/IT/Details/410cc20.html]
[www.asu.edu.om/IT/Details/415ec71.html]
[www.asu.edu.om/IT/Details/411bca3.html]
[www.asu.edu.om/IT/Details/407ae60.html]
[www.asu.edu.om/IT/Details/408dd1b.html]
[www.asu.edu.om/IT.html]
[www.asu.edu.om/IT/Details/4092b59.html]
[www.asu.edu.om/Page/Details/5996f6.html]
[www.asu.edu.om/page/details/59.html]
[www.asu.edu.om/Page/Details/598d4e.html]
[www.asu.edu.om/Page/Details/375b51d.html]
[www.asu.edu.om/Page/Details/14396f6.html]
[www.asu.edu.om/page/details/143-2.html]
[www.asu.edu.om/files/ASU-Research-Day-booklet.pdf]
[www.asu.edu.om/Page/Details/143d415.html]
[www.asu.edu.om/Page/Details/9aea7.html]
[www.asu.edu.om/Page/Details/39896f6.html]
[www.asu.edu.om/Page/Details/398a622.html]
[www.asu.edu.om/page/details/398-2.html]
[www.asu.edu.om/Page/Details/39996f6.html]
[www.asu.edu.om/files/The-2021-ASU-Research-Week-Program.pdf]
[www.asu.edu.om/page/details/399-2.html]
[www.asu.edu.om/Page/Details/399310a.html]
[www.asu.edu.om/Page/Details/40096f6.html]
[www.asu.edu.om/page/details/400-2.html]
[www.asu.edu.om/files/The-2022-ASU-Research-Day-Program-2022.pdf]
[www.asu.edu.om/img/ASU-Day-Keynote-1.png]
[www.asu.edu.om/img/ASU-Day-Keynote-2.png]
[www.asu.edu.om/img/ASU-Day-Keynote-3.png]
[www.asu.edu.om/img/Parallel Session-CAHS-1.jpg]
[www.asu.edu.om/img/Parallel Session-CAHS-2.jpg]
[www.asu.edu.om/img/Parallel Session-CAH-1.jpg]
[www.asu.edu.om/img/Parallel Session-CAH-2.jpg]
[www.asu.edu.om/img/Parallel Session-CAH-3.jpg]
[www.asu.edu.om/img/Parallel Session-COBA-1.jpg]
[www.asu.edu.om/img/Parallel Session-COBA-2.jpg]
[www.asu.edu.om/img/Parallel Session-COE-1.jpg]
[www.asu.edu.om/img/Parallel Session-COE-2.jpg]
[www.asu.edu.om/img/Parallel Session-COL.jpg]
[www.asu.edu.om/img/Parallel Session-CLFS-1.jpg]
[www.asu.edu.om/img/Parallel Session-CLFS-2.jpg]
[www.asu.edu.om/Page/Details/40078a7.html]
[www.asu.edu.om/Page/Details/1196f6.html]
[www.asu.edu.om/Page/Details/118b74.html]
[www.asu.edu.om/page/details/11.html]
[www.asu.edu.om/Page/Details/1296f6.html]
[www.asu.edu.om/Page/Details/128843.html]
[www.asu.edu.om/page/details/12.html]
[www.asu.edu.om/Page/Details/1396f6.html]
[www.asu.edu.om/page/details/13.html]
[www.asu.edu.om/Page/Details/139d70.html]
[www.asu.edu.om/Page/Details/1496f6.html]
[www.asu.edu.om/Page/Details/145d74.html]
[www.asu.edu.om/Page/Details/143.html]
[www.asu.edu.om/Page/Details/398.html]
[www.asu.edu.om/Page/Details/399.html]
[www.asu.edu.om/Page/Details/400.html]
[www.asu.edu.om/page/details/14.html]
[www.asu.edu.om/Page/Details/2696f6.html]
[www.asu.edu.om/page/details/26.html]
[www.asu.edu.om/Page/Details/2675aa.html]
[www.asu.edu.om/Page/OAS.html]
[www.asu.edu.om/Page/Details/13796f6.html]
[www.asu.edu.om/page/details/137.html]
[www.masader.om/sites/default/files/Masader_Logo.389.delayed]
[www.asu.edu.om/Page/Details/137b86d.html]
[www.asu.edu.om/Page/Details/13896f6.html]
[www.asu.edu.om/page/details/138.html]
[www.asu.edu.om/img/Newspapers/alwatan.jpg]
[www.asu.edu.om/img/Newspapers/Oman-Daily.jpg]
[www.asu.edu.om/img/Newspapers/Muscat-Daily.jpg]
[www.asu.edu.om/img/Newspapers/Observer.jpg]
[www.asu.edu.om/img/Newspapers/Oman-Tribune.jpg]
[www.asu.edu.om/img/Newspapers/theweek.jpg]
[www.asu.edu.om/img/Newspapers/times-of-oman.jpg]
[www.asu.edu.om/Page/Details/1383591.html]
[www.asu.edu.om/Page/Details/3096f6.html]
[www.asu.edu.om/Page/Details/301e32.html]
[www.asu.edu.om/page/details/30.html]
[www.asu.edu.om/Page/Details/3296f6.html]
[www.asu.edu.om/Page/Details/32cfcd.html]
[www.asu.edu.om/page/details/32.html]
[www.asu.edu.om/Page/Details/3196f6.html]
[www.asu.edu.om/Page/Details/31d299.html]
[www.asu.edu.om/page/details/31.html]
[www.asu.edu.om/Page/Details/13296f6.html]
[www.asu.edu.om/Page/Details/13289d4.html]
[www.asu.edu.om/page/details/132.html]
[www.asu.edu.om/Page/Details/52296f6.html]
[www.asu.edu.om/Page/Details/5226466.html]
[www.asu.edu.om/page/details/522.html]
[www.asu.edu.om/Page/Details/13996f6.html]
[www.asu.edu.om/Page/Details/139731d.html]
[www.asu.edu.om/page/details/139.html]
[cdn.datatables.net/1.12.1/css/jquery.dataTables.min.css]
[www.asu.edu.om/img/Dissertations/Dissertations_2021_m4d16_11337.pdf]
[www.asu.edu.om/Page/Dissertations96f6.html]
[www.asu.edu.om/img/Dissertations/Dissertations_2022_m4d16_11621.pdf]
[www.asu.edu.om/img/Dissertations/Dissertations_2021_m4d16_111224.pdf]
[www.asu.edu.om/page/dissertations-2.html]
[www.asu.edu.om/img/Dissertations/Dissertations_2021_m4d16_112021.pdf]
[www.asu.edu.om/img/Dissertations/Dissertations_2021_m4d16_11220.pdf]
[www.asu.edu.om/img/Dissertations/Dissertations_2021_m4d16_112323.pdf]
[www.asu.edu.om/img/Dissertations/Dissertations_2021_m4d16_112429.pdf]
[www.asu.edu.om/img/Dissertations/Dissertations_2022_m4d16_112744.pdf]
[www.asu.edu.om/img/Dissertations/Dissertations_2021_m4d16_113339.pdf]
[www.asu.edu.om/img/Dissertations/Dissertations_2022_m4d16_113723.pdf]
[www.asu.edu.om/img/Dissertations/Dissertations_2022_m4d16_114239.pdf]
[www.asu.edu.om/img/Dissertations/Dissertations_2021_m4d16_114356.pdf]
[www.asu.edu.om/img/Dissertations/Dissertations_2021_m4d16_114531.pdf]
[www.asu.edu.om/img/Dissertations/Dissertations_2022_m4d16_11509.pdf]
[www.asu.edu.om/img/Dissertations/Dissertations_2022_m4d16_115241.pdf]
[www.asu.edu.om/img/Dissertations/Dissertations_2023_m4d16_12126.pdf]
[www.asu.edu.om/img/Dissertations/Dissertations_2022_m4d16_12740.pdf]
[www.asu.edu.om/img/Dissertations/Dissertations_2022_m4d16_125928.pdf]
[www.asu.edu.om/img/Dissertations/Dissertations_2022_m4d19_85122.pdf]
[www.asu.edu.om/img/Dissertations/Dissertations_2022_m4d19_8565.pdf]
[www.asu.edu.om/img/Dissertations/Dissertations_2022_m4d19_85927.pdf]
[www.asu.edu.om/img/Dissertations/Dissertations_2022_m4d19_9225.pdf]
[www.asu.edu.om/img/Dissertations/Dissertations_2022_m4d19_133221.pdf]
[www.asu.edu.om/img/Dissertations/Dissertations_2022_m4d19_133619.pdf]
[www.asu.edu.om/img/Dissertations/Dissertations_2021_m4d19_133927.pdf]
[www.asu.edu.om/img/Dissertations/Dissertations_2023_m4d19_134138.pdf]
[www.asu.edu.om/img/Dissertations/Dissertations_2021_m4d19_141836.pdf]
[www.asu.edu.om/img/Dissertations/Dissertations_2021_m4d19_142954.pdf]
[www.asu.edu.om/img/Dissertations/Dissertations_2023_m4d19_143212.pdf]
[www.asu.edu.om/img/Dissertations/Dissertations_2023_m4d19_143539.pdf]
[www.asu.edu.om/img/Dissertations/Dissertations_2022_m4d19_14383.pdf]
[www.asu.edu.om/img/Dissertations/Dissertations_2022_m4d21_152446.pdf]
[www.asu.edu.om/img/Dissertations/Dissertations_2022_m4d21_15291.pdf]
[www.asu.edu.om/img/Dissertations/Dissertations_2022_m4d21_153328.pdf]
[www.asu.edu.om/img/Dissertations/Dissertations_2022_m4d21_153836.pdf]
[www.asu.edu.om/img/Dissertations/Dissertations_2022_m4d21_154039.pdf]
[www.asu.edu.om/img/Dissertations/Dissertations_2021_m4d21_154236.pdf]
[www.asu.edu.om/img/Dissertations/Dissertations_2022_m4d21_154617.pdf]
[www.asu.edu.om/img/Dissertations/Dissertations_2022_m4d21_154753.pdf]
[www.asu.edu.om/img/Dissertations/Dissertations_2022_m4d25_121138.pdf]
[www.asu.edu.om/img/Dissertations/Dissertations_2022_m4d25_121630.pdf]
[www.asu.edu.om/img/Dissertations/Dissertations_2022_m4d25_13121.pdf]
[www.asu.edu.om/img/Dissertations/Dissertations_2021_m4d25_13649.pdf]
[www.asu.edu.om/img/Dissertations/Dissertations_2022_m4d25_131011.pdf]
[www.asu.edu.om/img/Dissertations/Dissertations_2022_m4d25_131319.pdf]
[www.asu.edu.om/img/Dissertations/Dissertations_2022_m4d25_13253.pdf]
[www.asu.edu.om/img/Dissertations/Dissertations_2022_m4d27_91944.pdf]
[www.asu.edu.om/img/Dissertations/Dissertations_2022_m4d27_9235.pdf]
[www.asu.edu.om/img/Dissertations/Dissertations_2022_m4d27_92631.pdf]
[www.asu.edu.om/img/Dissertations/Dissertations_2022_m4d27_10314.pdf]
[www.asu.edu.om/img/Dissertations/Dissertations_2022_m4d27_1046.pdf]
[www.asu.edu.om/img/Dissertations/Dissertations_2022_m4d30_154419.pdf]
[www.asu.edu.om/img/Dissertations/Dissertations_2022_m4d30_154646.pdf]
[www.asu.edu.om/img/Dissertations/Dissertations_2023_m6d26_85718.pdf]
[www.asu.edu.om/img/Dissertations/Dissertations_2023_m6d26_103646.pdf]
[www.asu.edu.om/img/Dissertations/Dissertations_2023_m6d26_1169.pdf]
[www.asu.edu.om/img/Dissertations/Dissertations_2022_m7d30_111754.pdf]
[www.asu.edu.om/img/Dissertations/Dissertations_2023_m6d11_94429.pdf]
[www.asu.edu.om/img/Dissertations/Dissertations_2023_m6d11_10458.pdf]
[www.asu.edu.om/img/Dissertations/Dissertations_2023_m6d11_101434.pdf]
[www.asu.edu.om/img/Dissertations/Dissertations_2023_m6d11_10282.pdf]
[www.asu.edu.om/img/Dissertations/Dissertations_2023_m6d11_10377.pdf]
[www.asu.edu.om/img/Dissertations/Dissertations_2023_m6d11_10436.pdf]
[www.asu.edu.om/img/Dissertations/Dissertations_2023_m6d11_105123.pdf]
[www.asu.edu.om/img/Dissertations/Dissertations_2023_m6d11_111218.pdf]
[www.asu.edu.om/img/Dissertations/Dissertations_2023_m6d11_135054.pdf]
[www.asu.edu.om/img/Dissertations/Dissertations_2023_m6d11_135854.pdf]
[www.asu.edu.om/img/Dissertations/Dissertations_2023_m6d12_154111.pdf]
[www.asu.edu.om/img/Dissertations/Dissertations_2023_m6d12_154331.pdf]
[www.asu.edu.om/img/Dissertations/Dissertations_2023_m6d12_154516.pdf]
[www.asu.edu.om/img/Dissertations/Dissertations_2023_m6d12_154632.pdf]
[www.asu.edu.om/img/Dissertations/Dissertations_2023_m6d13_9111.pdf]
[www.asu.edu.om/img/Dissertations/Dissertations_2024_m6d13_94026.pdf]
[www.asu.edu.om/img/Dissertations/Dissertations_2023_m6d13_95438.pdf]
[www.asu.edu.om/img/Dissertations/Dissertations_2024_m6d13_10259.pdf]
[www.asu.edu.om/img/Dissertations/Dissertations_2024_m6d13_1055.pdf]
[www.asu.edu.om/img/Dissertations/Dissertations_2024_m6d13_10814.pdf]
[www.asu.edu.om/img/Dissertations/Dissertations_2024_m6d13_10956.pdf]
[www.asu.edu.om/img/Dissertations/Dissertations_2023_m6d25_8195.pdf]
[www.asu.edu.om/img/Dissertations/Dissertations_2022_m7d29_14341.pdf]
[www.asu.edu.om/img/Dissertations/Dissertations_2022_m7d29_143520.pdf]
[www.asu.edu.om/img/Dissertations/Dissertations_2022_m7d29_143618.pdf]
[www.asu.edu.om/img/Dissertations/Dissertations_2022_m7d29_143828.pdf]
[www.asu.edu.om/img/Dissertations/Dissertations_2022_m7d29_144949.pdf]
[www.asu.edu.om/img/Dissertations/Dissertations_2022_m7d29_1544.pdf]
[www.asu.edu.om/img/Dissertations/Dissertations_2022_m7d30_141624.pdf]
[www.asu.edu.om/img/Dissertations/Dissertations_2022_m7d30_142059.pdf]
[www.asu.edu.om/img/Dissertations/Dissertations_2023_m7d31_9055.pdf]
[www.asu.edu.om/img/Dissertations/Dissertations_2022_m7d31_9531.pdf]
[www.asu.edu.om/img/Dissertations/Dissertations_2022_m7d31_9619.pdf]
[www.asu.edu.om/img/Dissertations/Dissertations_2023_m7d31_9821.pdf]
[www.asu.edu.om/img/Dissertations/Dissertations_2023_m7d31_91133.pdf]
[www.asu.edu.om/img/Dissertations/Dissertations_2023_m7d31_91233.pdf]
[www.asu.edu.om/img/Dissertations/Dissertations_2022_m7d31_91617.pdf]
[www.asu.edu.om/img/Dissertations/Dissertations_2022_m7d31_92318.pdf]
[www.asu.edu.om/img/Dissertations/Dissertations_2023_m8d14_1012.pdf]
[www.asu.edu.om/img/Dissertations/Dissertations_2023_m8d14_10394.pdf]
[www.asu.edu.om/img/Dissertations/Dissertations_2022_m8d14_10564.pdf]
[www.asu.edu.om/img/Dissertations/Dissertations_2024_m8d22_145253.pdf]
[www.asu.edu.om/img/Dissertations/Dissertations_2024_m8d22_145434.pdf]
[www.asu.edu.om/img/Dissertations/Dissertations_2024_m8d22_15811.pdf]
[www.asu.edu.om/img/Dissertations/Dissertations_2024_m8d22_15851.pdf]
[www.asu.edu.om/img/Dissertations/Dissertations_2024_m8d22_15921.pdf]
[www.asu.edu.om/img/Dissertations/Dissertations_2024_m8d22_151119.pdf]
[www.asu.edu.om/img/Dissertations/Dissertations_2024_m8d22_151254.pdf]
[www.asu.edu.om/img/Dissertations/Dissertations_2024_m8d22_151331.pdf]
[www.asu.edu.om/img/Dissertations/Dissertations_2024_m8d22_15144.pdf]
[www.asu.edu.om/img/Dissertations/Dissertations_2024_m8d22_151439.pdf]
[www.asu.edu.om/img/Dissertations/Dissertations_2022_m8d25_111439.pdf]
[www.asu.edu.om/img/Dissertations/Dissertations_2022_m8d25_11175.pdf]
[www.asu.edu.om/img/Dissertations/Dissertations_2022_m8d25_12503.pdf]
[www.asu.edu.om/img/Dissertations/Dissertations_2023_m8d25_133110.pdf]
[www.asu.edu.om/img/Dissertations/Dissertations_2023_m8d25_13349.pdf]
[www.asu.edu.om/img/Dissertations/Dissertations_2023_m8d25_133953.pdf]
[www.asu.edu.om/img/Dissertations/Dissertations_2023_m8d25_134510.pdf]
[www.asu.edu.om/img/Dissertations/Dissertations_2024_m8d25_135217.pdf]
[www.asu.edu.om/img/Dissertations/Dissertations_2024_m8d25_135540.pdf]
[www.asu.edu.om/img/Dissertations/Dissertations_2024_m8d26_104420.pdf]
[www.asu.edu.om/img/Dissertations/Dissertations_2022_m8d26_105645.pdf]
[www.asu.edu.om/img/Dissertations/Dissertations_2021_m8d26_10585.pdf]
[www.asu.edu.om/img/Dissertations/Dissertations_2023_m8d26_144559.pdf]
[www.asu.edu.om/img/Dissertations/Dissertations_2023_m8d26_144914.pdf]
[www.asu.edu.om/img/Dissertations/Dissertations_2023_m8d26_145140.pdf]
[www.asu.edu.om/img/Dissertations/Dissertations_2024_m8d26_145343.pdf]
[www.asu.edu.om/img/Dissertations/Dissertations_2024_m8d26_145626.pdf]
[www.asu.edu.om/img/Dissertations/Dissertations_2023_m8d26_15459.pdf]
[www.asu.edu.om/img/Dissertations/Dissertations_2022_m8d28_92637.pdf]
[www.asu.edu.om/img/Dissertations/Dissertations_2022_m8d28_9328.pdf]
[www.asu.edu.om/img/Dissertations/Dissertations_2023_m8d28_94333.pdf]
[www.asu.edu.om/img/Dissertations/Dissertations_2023_m8d28_95933.pdf]
[www.asu.edu.om/img/Dissertations/Dissertations_2023_m8d28_10956.pdf]
[www.asu.edu.om/img/Dissertations/Dissertations_2023_m8d28_104048.pdf]
[www.asu.edu.om/img/Dissertations/Dissertations_2023_m8d28_104319.pdf]
[www.asu.edu.om/img/Dissertations/Dissertations_2023_m8d28_104656.pdf]
[www.asu.edu.om/img/Dissertations/Dissertations_2022_m8d28_104846.pdf]
[www.asu.edu.om/img/Dissertations/Dissertations_2022_m8d28_112522.pdf]
[www.asu.edu.om/img/Dissertations/Dissertations_2022_m8d28_112624.pdf]
[www.asu.edu.om/img/Dissertations/Dissertations_2022_m8d29_8199.pdf]
[www.asu.edu.om/img/Dissertations/Dissertations_2022_m8d29_82031.pdf]
[www.asu.edu.om/img/Dissertations/Dissertations_2022_m8d29_82213.pdf]
[www.asu.edu.om/img/Dissertations/Dissertations_2022_m8d29_82322.pdf]
[www.asu.edu.om/img/Dissertations/Dissertations_2022_m8d29_11742.pdf]
[www.asu.edu.om/img/Dissertations/Dissertations_2021_m8d29_11911.pdf]
[www.asu.edu.om/img/Dissertations/Dissertations_2022_m8d29_111025.pdf]
[www.asu.edu.om/img/Dissertations/Dissertations_2022_m8d29_111115.pdf]
[www.asu.edu.om/img/Dissertations/Dissertations_2021_m8d29_111222.pdf]
[www.asu.edu.om/img/Dissertations/Dissertations_2021_m8d29_111313.pdf]
[www.asu.edu.om/img/Dissertations/Dissertations_2021_m8d29_111353.pdf]
[www.asu.edu.om/img/Dissertations/Dissertations_2022_m8d29_111510.pdf]
[www.asu.edu.om/img/Dissertations/Dissertations_2022_m8d29_111559.pdf]
[www.asu.edu.om/img/Dissertations/Dissertations_2022_m8d29_111641.pdf]
[www.asu.edu.om/img/Dissertations/Dissertations_2022_m8d29_111723.pdf]
[www.asu.edu.om/img/Dissertations/Dissertations_2022_m8d29_111855.pdf]
[www.asu.edu.om/img/Dissertations/Dissertations_2022_m8d29_11213.pdf]
[www.asu.edu.om/img/Dissertations/Dissertations_2022_m8d29_112347.pdf]
[www.asu.edu.om/img/Dissertations/Dissertations_2022_m8d29_112454.pdf]
[www.asu.edu.om/img/Dissertations/Dissertations_2021_m8d29_123857.pdf]
[www.asu.edu.om/img/Dissertations/Dissertations_2022_m8d29_123947.pdf]
[www.asu.edu.om/img/Dissertations/Dissertations_2022_m8d29_124055.pdf]
[www.asu.edu.om/img/Dissertations/Dissertations_2022_m8d29_124152.pdf]
[www.asu.edu.om/img/Dissertations/Dissertations_2021_m8d29_12438.pdf]
[www.asu.edu.om/img/Dissertations/Dissertations_2022_m8d29_12449.pdf]
[www.asu.edu.om/img/Dissertations/Dissertations_2022_m8d29_124759.pdf]
[www.asu.edu.om/img/Dissertations/Dissertations_2022_m8d29_124852.pdf]
[www.asu.edu.om/img/Dissertations/Dissertations_2021_m8d29_124936.pdf]
[www.asu.edu.om/img/Dissertations/Dissertations_2021_m8d29_12512.pdf]
[www.asu.edu.om/img/Dissertations/Dissertations_2021_m8d29_14726.pdf]
[www.asu.edu.om/img/Dissertations/Dissertations_2022_m8d29_14832.pdf]
[www.asu.edu.om/img/Dissertations/Dissertations_2022_m8d29_14924.pdf]
[www.asu.edu.om/img/Dissertations/Dissertations_2022_m9d2_102231.pdf]
[www.asu.edu.om/img/Dissertations/Dissertations_2023_m9d2_104043.pdf]
[www.asu.edu.om/img/Dissertations/Dissertations_2023_m9d2_104945.pdf]
[www.asu.edu.om/img/Dissertations/Dissertations_2023_m9d2_115311.pdf]
[www.asu.edu.om/img/Dissertations/Dissertations_2023_m9d5_8435.pdf]
[www.asu.edu.om/img/Dissertations/Dissertations_2023_m9d5_84428.pdf]
[www.asu.edu.om/img/Dissertations/Dissertations_2023_m9d5_84555.pdf]
[www.asu.edu.om/img/Dissertations/Dissertations_2023_m9d5_8477.pdf]
[www.asu.edu.om/img/Dissertations/Dissertations_2023_m9d5_85017.pdf]
[www.asu.edu.om/img/Dissertations/Dissertations_2024_m9d5_113522.pdf]
[www.asu.edu.om/img/Dissertations/Dissertations_2023_m9d5_11445.pdf]
[www.asu.edu.om/img/Dissertations/Dissertations_2022_m9d5_12323.pdf]
[www.asu.edu.om/img/Dissertations/Dissertations_2024_m9d5_12337.pdf]
[www.asu.edu.om/img/Dissertations/Dissertations_2023_m9d5_124314.pdf]
[www.asu.edu.om/img/Dissertations/Dissertations_2023_m9d5_124558.pdf]
[www.asu.edu.om/img/Dissertations/Dissertations_2024_m9d5_124745.pdf]
[www.asu.edu.om/img/Dissertations/Dissertations_2021_m9d5_13645.pdf]
[www.asu.edu.om/img/Dissertations/Dissertations_2023_m9d5_13752.pdf]
[www.asu.edu.om/img/Dissertations/Dissertations_2022_m9d5_13843.pdf]
[www.asu.edu.om/img/Dissertations/Dissertations_2023_m9d5_131055.pdf]
[www.asu.edu.om/img/Dissertations/Dissertations_2024_m9d9_103417.pdf]
[www.asu.edu.om/img/Dissertations/Dissertations_2024_m9d9_103559.pdf]
[www.asu.edu.om/img/Dissertations/Dissertations_2024_m9d9_103756.pdf]
[www.asu.edu.om/img/Dissertations/Dissertations_2024_m9d10_91749.pdf]
[www.asu.edu.om/img/Dissertations/Dissertations_2024_m9d25_102629.pdf]
[www.asu.edu.om/img/Dissertations/Dissertations_2024_m10d1_122341.pdf]
[www.asu.edu.om/img/Dissertations/Dissertations_2024_m10d1_122427.pdf]
[www.asu.edu.om/img/Dissertations/Dissertations_2024_m10d1_122515.pdf]
[www.asu.edu.om/img/Dissertations/Dissertations_2024_m11d3_83131.pdf]
[www.asu.edu.om/img/Dissertations/Dissertations_2024_m11d3_83530.pdf]
[www.asu.edu.om/img/Dissertations/Dissertations_2024_m11d3_84453.pdf]
[www.asu.edu.om/img/Dissertations/Dissertations_2024_m11d3_8498.pdf]
[www.asu.edu.om/img/Dissertations/Dissertations_2024_m11d3_9255.pdf]
[www.asu.edu.om/img/Dissertations/Dissertations_2024_m11d3_986.pdf]
[www.asu.edu.om/img/Dissertations/Dissertations_2024_m11d3_91345.pdf]
[www.asu.edu.om/img/Dissertations/Dissertations_2024_m11d3_95315.pdf]
[www.asu.edu.om/img/Dissertations/Dissertations_2024_m11d3_95716.pdf]
[www.asu.edu.om/img/Dissertations/Dissertations_2024_m11d3_10219.pdf]
[www.asu.edu.om/img/Dissertations/Dissertations_2024_m11d3_10621.pdf]
[www.asu.edu.om/img/Dissertations/Dissertations_2024_m11d3_101231.pdf]
[www.asu.edu.om/img/Dissertations/Dissertations_2024_m11d3_101728.pdf]
[www.asu.edu.om/img/Dissertations/Dissertations_2024_m11d3_102141.pdf]
[www.asu.edu.om/img/Dissertations/Dissertations_2024_m11d3_103023.pdf]
[www.asu.edu.om/img/Dissertations/Dissertations_2024_m11d18_10046.pdf]
[www.asu.edu.om/img/Dissertations/Dissertations_2024_m11d18_121522.pdf]
[www.asu.edu.om/img/Dissertations/Dissertations_2024_m11d18_122518.pdf]
[www.asu.edu.om/img/Dissertations/Dissertations_2024_m11d18_12317.pdf]
[www.asu.edu.om/img/Dissertations/Dissertations_2024_m11d18_124814.pdf]
[www.asu.edu.om/img/Dissertations/Dissertations_2024_m11d19_103425.pdf]
[www.asu.edu.om/img/Dissertations/Dissertations_2024_m11d24_9921.pdf]
[www.asu.edu.om/img/Dissertations/Dissertations_2024_m11d24_9159.pdf]
[www.asu.edu.om/img/Dissertations/Dissertations_2024_m12d1_125932.pdf]
[www.asu.edu.om/img/Dissertations/Dissertations_2024_m12d1_13551.pdf]
[www.asu.edu.om/img/Dissertations/Dissertations_2024_m12d1_13740.pdf]
[www.asu.edu.om/img/Dissertations/Dissertations_2024_m12d1_131216.pdf]
[www.asu.edu.om/img/Dissertations/Dissertations_2024_m12d1_151817.pdf]
[www.asu.edu.om/img/Dissertations/Dissertations_2024_m12d1_152051.pdf]
[www.asu.edu.om/img/Dissertations/Dissertations_2024_m12d1_152423.pdf]
[www.asu.edu.om/img/Dissertations/Dissertations_2024_m12d1_15264.pdf]
[www.asu.edu.om/img/Dissertations/Dissertations_2024_m12d1_152724.pdf]
[www.asu.edu.om/img/Dissertations/Dissertations_2024_m12d1_152859.pdf]
[www.asu.edu.om/img/Dissertations/Dissertations_2024_m12d2_153153.pdf]
[www.asu.edu.om/img/Dissertations/Dissertations_2024_m12d2_15536.pdf]
[www.asu.edu.om/img/Dissertations/Dissertations_2024_m12d2_1606.pdf]
[www.asu.edu.om/img/Dissertations/Dissertations_2024_m12d2_16431.pdf]
[www.asu.edu.om/img/Dissertations/Dissertations_2024_m12d10_122447.pdf]
[www.asu.edu.om/img/Dissertations/Dissertations_2024_m12d29_104742.pdf]
[www.asu.edu.om/img/Dissertations/Dissertations_2025_m2d24_133046.pdf]
[www.asu.edu.om/img/Dissertations/Dissertations_2025_m3d9_13292.pdf]
[www.asu.edu.om/img/Dissertations/Dissertations_2025_m3d9_13330.pdf]
[www.asu.edu.om/img/Dissertations/Dissertations_2024_m3d10_14229.pdf]
[www.asu.edu.om/img/Dissertations/Dissertations_2024_m3d10_15512.pdf]
[www.asu.edu.om/img/Dissertations/Dissertations_2023_m3d10_15442.pdf]
[www.asu.edu.om/img/Dissertations/Dissertations_2024_m3d10_155536.pdf]
[www.asu.edu.om/img/Dissertations/Dissertations_2024_m3d11_114333.pdf]
[www.asu.edu.om/img/Dissertations/Dissertations_2021_m3d11_12219.pdf]
[www.asu.edu.om/img/Dissertations/Dissertations_2022_m3d11_13412.pdf]
[www.asu.edu.om/img/Dissertations/Dissertations_2021_m3d11_132114.pdf]
[www.asu.edu.om/img/Dissertations/Dissertations_2022_m3d11_135359.pdf]
[www.asu.edu.om/img/Dissertations/Dissertations_2024_m3d12_103121.pdf]
[www.asu.edu.om/img/Dissertations/Dissertations_2025_m3d23_10427.pdf]
[www.asu.edu.om/img/Dissertations/Dissertations_2025_m3d23_102145.pdf]
[www.asu.edu.om/img/Dissertations/Dissertations_2025_m3d23_122250.pdf]
[www.asu.edu.om/img/Dissertations/Dissertations_2024_m4d6_145046.pdf]
[www.asu.edu.om/img/Dissertations/Dissertations_2024_m4d6_145525.pdf]
[www.asu.edu.om/img/Dissertations/Dissertations_2024_m4d6_153655.pdf]
[www.asu.edu.om/img/Dissertations/Dissertations_2024_m4d13_9464.pdf]
[www.asu.edu.om/img/Dissertations/Dissertations_2023_m4d13_94842.pdf]
[www.asu.edu.om/img/Dissertations/Dissertations_2024_m4d13_95849.pdf]
[www.asu.edu.om/img/Dissertations/Dissertations_2024_m4d13_10330.pdf]
[www.asu.edu.om/img/Dissertations/Dissertations_2024_m4d14_13364.pdf]
[www.asu.edu.om/img/Dissertations/Dissertations_2024_m4d14_13394.pdf]
[www.asu.edu.om/img/Dissertations/Dissertations_2024_m4d14_134447.pdf]
[www.asu.edu.om/img/Dissertations/Dissertations_2023_m4d14_134656.pdf]
[www.asu.edu.om/img/Dissertations/Dissertations_2023_m4d14_13548.pdf]
[www.asu.edu.om/img/Dissertations/Dissertations_2024_m4d14_135535.pdf]
[www.asu.edu.om/img/Dissertations/Dissertations_2023_m4d14_1614.pdf]
[www.asu.edu.om/img/Dissertations/Dissertations_2024_m4d14_16613.pdf]
[www.asu.edu.om/img/Dissertations/Dissertations_2024_m4d24_92258.pdf]
[www.asu.edu.om/img/Dissertations/Dissertations_2024_m4d27_85254.pdf]
[www.asu.edu.om/img/Dissertations/Dissertations_2025_m5d14_95445.pdf]
[www.asu.edu.om/img/Dissertations/Dissertations_2025_m5d14_9590.pdf]
[www.asu.edu.om/img/Dissertations/Dissertations_2025_m5d14_95932.pdf]
[www.asu.edu.om/img/Dissertations/Dissertations_2025_m5d14_95959.pdf]
[www.asu.edu.om/img/Dissertations/Dissertations_2024_m5d14_10030.pdf]
[www.asu.edu.om/img/Dissertations/Dissertations_2024_m5d14_10130.pdf]
[www.asu.edu.om/img/Dissertations/Dissertations_2024_m5d14_10156.pdf]
[www.asu.edu.om/img/Dissertations/Dissertations_2025_m5d14_10249.pdf]
[www.asu.edu.om/img/Dissertations/Dissertations_2024_m6d11_930.pdf]
[www.asu.edu.om/img/Dissertations/Dissertations_2024_m6d11_9256.pdf]
[www.asu.edu.om/img/Dissertations/Dissertations_2025_m6d11_1071.pdf]
[www.asu.edu.om/img/Dissertations/Dissertations_2025_m6d15_83223.pdf]
[www.asu.edu.om/img/Dissertations/Dissertations_2025_m6d15_92630.pdf]
[www.asu.edu.om/img/Dissertations/Dissertations_2025_m6d15_92713.pdf]
[www.asu.edu.om/img/Dissertations/Dissertations_2025_m6d15_94632.pdf]
[www.asu.edu.om/img/Dissertations/Dissertations_2024_m6d15_95146.pdf]
[www.asu.edu.om/img/Dissertations/Dissertations_2025_m6d15_10732.pdf]
[www.asu.edu.om/img/Dissertations/Dissertations_2025_m6d15_111926.pdf]
[www.asu.edu.om/img/Dissertations/Dissertations_2025_m6d15_113524.pdf]
[www.asu.edu.om/img/Dissertations/Dissertations_2025_m6d15_11445.pdf]
[www.asu.edu.om/img/Dissertations/Dissertations_2025_m6d15_114743.pdf]
[www.asu.edu.om/img/Dissertations/Dissertations_2025_m6d16_84616.pdf]
[www.asu.edu.om/img/Dissertations/Dissertations_2025_m7d6_111830.pdf]
[www.asu.edu.om/img/Dissertations/Dissertations_2024_m7d6_113042.pdf]
[www.asu.edu.om/img/Dissertations/Dissertations_2022_m7d7_115057.pdf]
[www.asu.edu.om/img/Dissertations/Dissertations_2025_m7d7_123059.pdf]
[www.asu.edu.om/img/Dissertations/Dissertations_2025_m7d8_11254.pdf]
[www.asu.edu.om/img/Dissertations/Dissertations_2024_m7d8_112739.pdf]
[www.asu.edu.om/img/Dissertations/Dissertations_2025_m7d8_114413.pdf]
[www.asu.edu.om/img/Dissertations/Dissertations_2025_m7d8_132536.pdf]
[www.asu.edu.om/img/Dissertations/Dissertations_2025_m7d8_13316.pdf]
[www.asu.edu.om/img/Dissertations/Dissertations_2025_m7d8_134118.pdf]
[www.asu.edu.om/img/Dissertations/Dissertations_2025_m7d20_91752.pdf]
[www.asu.edu.om/img/Dissertations/Dissertations_2025_m7d27_10330.pdf]
[www.asu.edu.om/img/Dissertations/Dissertations_2025_m7d27_1043.pdf]
[www.asu.edu.om/img/Dissertations/Dissertations_2025_m7d27_10816.pdf]
[www.asu.edu.om/img/Dissertations/Dissertations_2025_m7d27_101011.pdf]
[www.asu.edu.om/img/Dissertations/Dissertations_2025_m7d27_101140.pdf]
[www.asu.edu.om/img/Dissertations/Dissertations_2025_m7d27_101522.pdf]
[www.asu.edu.om/img/Dissertations/Dissertations_2025_m7d27_101550.pdf]
[www.asu.edu.om/img/Dissertations/Dissertations_2025_m7d27_101624.pdf]
[www.asu.edu.om/img/Dissertations/Dissertations_2025_m7d27_101647.pdf]
[www.asu.edu.om/img/Dissertations/Dissertations_2025_m7d27_101716.pdf]
[www.asu.edu.om/img/Dissertations/Dissertations_2025_m7d27_101746.pdf]
[www.asu.edu.om/img/Dissertations/Dissertations_2025_m7d27_101829.pdf]
[www.asu.edu.om/img/Dissertations/Dissertations_2025_m7d27_10194.pdf]
[www.asu.edu.om/img/Dissertations/Dissertations_2025_m7d27_101931.pdf]
[www.asu.edu.om/img/Dissertations/Dissertations_2025_m7d27_101959.pdf]
[www.asu.edu.om/img/Dissertations/Dissertations_2025_m7d27_102025.pdf]
[www.asu.edu.om/img/Dissertations/Dissertations_2025_m7d27_102048.pdf]
[www.asu.edu.om/img/Dissertations/Dissertations_2025_m7d27_102131.pdf]
[www.asu.edu.om/img/Dissertations/Dissertations_2025_m7d27_102240.pdf]
[www.asu.edu.om/img/Dissertations/Dissertations_2025_m7d27_10232.pdf]
[www.asu.edu.om/img/Dissertations/Dissertations_2025_m7d27_102329.pdf]
[www.asu.edu.om/img/Dissertations/Dissertations_2025_m1d19_12451.pdf]
[www.asu.edu.om/img/Dissertations/Dissertations_2025_m1d19_12624.pdf]
[www.asu.edu.om/img/Dissertations/Dissertations_2025_m1d19_12655.pdf]
[www.asu.edu.om/img/Dissertations/Dissertations_2025_m1d19_121020.pdf]
[www.asu.edu.om/img/Dissertations/Dissertations_2025_m1d19_121053.pdf]
[www.asu.edu.om/img/Dissertations/Dissertations_2025_m1d19_121129.pdf]
[www.asu.edu.om/img/Dissertations/Dissertations_2025_m1d19_121211.pdf]
[www.asu.edu.om/img/Dissertations/Dissertations_2025_m1d19_121245.pdf]
[www.asu.edu.om/img/Dissertations/Dissertations_2025_m1d19_121329.pdf]
[www.asu.edu.om/img/Dissertations/Dissertations_2025_m1d19_121411.pdf]
[www.asu.edu.om/img/Dissertations/Dissertations_2025_m1d19_121444.pdf]
[www.asu.edu.om/img/Dissertations/Dissertations_2025_m1d19_121531.pdf]
[www.asu.edu.om/img/Dissertations/Dissertations_2025_m1d19_12161.pdf]
[www.asu.edu.om/img/Dissertations/Dissertations_2025_m1d19_121718.pdf]
[www.asu.edu.om/img/Dissertations/Dissertations_2025_m1d19_121755.pdf]
[www.asu.edu.om/img/Dissertations/Dissertations_2025_m1d19_121830.pdf]
[www.asu.edu.om/img/Dissertations/Dissertations_2025_m1d19_12198.pdf]
[www.asu.edu.om/img/Dissertations/Dissertations_2025_m1d19_12212.pdf]
[www.asu.edu.om/img/Dissertations/Dissertations_2025_m1d19_122134.pdf]
[www.asu.edu.om/img/Dissertations/Dissertations_2025_m1d19_12227.pdf]
[www.asu.edu.om/img/Dissertations/Dissertations_2025_m1d19_122238.pdf]
[www.asu.edu.om/img/Dissertations/Dissertations_2025_m1d19_122311.pdf]
[www.asu.edu.om/img/Dissertations/Dissertations_2025_m1d19_122620.pdf]
[www.asu.edu.om/img/Dissertations/Dissertations_2025_m1d19_122816.pdf]
[www.asu.edu.om/img/Dissertations/Dissertations_2025_m1d19_122846.pdf]
[www.asu.edu.om/img/Dissertations/Dissertations_2025_m1d19_12327.pdf]
[www.asu.edu.om/img/Dissertations/Dissertations_2025_m1d19_123411.pdf]
[www.asu.edu.om/img/Dissertations/Dissertations_2025_m1d19_12352.pdf]
[www.asu.edu.om/img/Dissertations/Dissertations_2025_m1d19_124818.pdf]
[www.asu.edu.om/img/Dissertations/Dissertations_2025_m1d19_124845.pdf]
[www.asu.edu.om/img/Dissertations/Dissertations_2025_m1d19_132240.pdf]
[www.asu.edu.om/img/Dissertations/Dissertations_2025_m3d6_1142.pdf]
[www.asu.edu.om/img/Dissertations/Dissertations_2025_m3d6_11436.pdf]
[www.asu.edu.om/img/Dissertations/Dissertations_2026_m3d6_11518.pdf]
[www.asu.edu.om/img/Dissertations/Dissertations_2025_m3d6_123310.pdf]
[www.asu.edu.om/img/Dissertations/Dissertations_2025_m4d6_8365.pdf]
[www.asu.edu.om/img/Dissertations/Dissertations_2025_m4d6_84233.pdf]
[www.asu.edu.om/img/Dissertations/Dissertations_2025_m4d6_84418.pdf]
[www.asu.edu.om/img/Dissertations/Dissertations_2025_m4d6_84647.pdf]
[www.asu.edu.om/img/Dissertations/Dissertations_2025_m4d6_84857.pdf]
[www.asu.edu.om/img/Dissertations/Dissertations_2025_m4d6_85032.pdf]
[www.asu.edu.om/img/Dissertations/Dissertations_2025_m4d6_85713.pdf]
[www.asu.edu.om/img/Dissertations/Dissertations_2025_m4d6_9042.pdf]
[www.asu.edu.om/img/Dissertations/Dissertations_2025_m4d6_91151.pdf]
[www.asu.edu.om/img/Dissertations/Dissertations_2025_m4d6_114811.pdf]
[www.asu.edu.om/img/Dissertations/Dissertations_2025_m4d6_121115.pdf]
[www.asu.edu.om/img/Dissertations/Dissertations_2025_m4d6_121315.pdf]
[www.asu.edu.om/img/Dissertations/Dissertations_2025_m4d6_122035.pdf]
[www.asu.edu.om/img/Dissertations/Dissertations_2025_m4d6_122245.pdf]
[www.asu.edu.om/img/Dissertations/Dissertations_2025_m4d6_123252.pdf]
[www.asu.edu.om/img/Dissertations/Dissertations_2025_m4d6_12352.pdf]
[www.asu.edu.om/img/Dissertations/Dissertations_2025_m4d6_123919.pdf]
[www.asu.edu.om/img/Dissertations/Dissertations_2025_m4d6_12495.pdf]
[www.asu.edu.om/img/Dissertations/Dissertations_2025_m4d6_125219.pdf]
[www.asu.edu.om/img/Dissertations/Dissertations_2025_m4d6_125438.pdf]
[www.asu.edu.om/img/Dissertations/Dissertations_2025_m4d6_152445.pdf]
[www.asu.edu.om/img/Dissertations/Dissertations_2025_m4d6_152637.pdf]
[www.asu.edu.om/img/Dissertations/Dissertations_2025_m4d6_152736.pdf]
[www.asu.edu.om/img/Dissertations/Dissertations_2025_m4d6_152811.pdf]
[www.asu.edu.om/img/Dissertations/Dissertations_2025_m4d6_152857.pdf]
[www.asu.edu.om/img/Dissertations/Dissertations_2025_m4d6_152935.pdf]
[www.asu.edu.om/img/Dissertations/Dissertations_2025_m4d6_153018.pdf]
[www.asu.edu.om/img/Dissertations/Dissertations_2025_m4d6_153052.pdf]
[www.asu.edu.om/img/Dissertations/Dissertations_2025_m4d6_153225.pdf]
[code.jquery.com/jquery-3.5.1.js]
[cdn.datatables.net/1.12.1/js/jquery.dataTables.min.js]
[www.asu.edu.om/Page/Dissertations.html]
[www.asu.edu.om/img/ASUFiles/f782efdd-5e9a-46c0-b79b-22c9248adb94.pdf]
[www.asu.edu.om/img/ASUFiles/4438d52f-d8f7-4bc3-b171-39a4f5a60ef4.pdf]
[www.asu.edu.om/asufiles96f6.html]
[www.asu.edu.om/img/ASUFiles/AC0004-Invigilation-of-Examinations-Policy.pdf]
[www.asu.edu.om/img/ASUFiles/AC0005-Course-Coding-System.pdf]
[www.asu.edu.om/img/ASUFiles/AC0006-College-Academic-Assessment-Review-Committee-Policy.pdf]
[www.asu.edu.om/img/ASUFiles/AC0007-Academic-Assessment-and-Moderation-Policy-English.pdf]
[www.asu.edu.om/img/ASUFiles/AC0008-Academic-Promotions-Policy.pdf]
[www.asu.edu.om/img/ASUFiles/AC0009-Academic-Integrity-Policy.pdf]
[www.asu.edu.om/img/ASUFiles/AC0010-Learning-Resource-Centre-Policy.pdf]
[www.asu.edu.om/img/ASUFiles/AC0011-Policy-on-Visiting-and-Honorary-Appointments.pdf]
[www.asu.edu.om/img/ASUFiles/AC0012-Observation-of-Teaching.pdf]
[www.asu.edu.om/img/ASUFiles/AC0013-Policy-and-Procedures-for-Study-Abroad-Program.pdf]
[www.asu.edu.om/img/ASUFiles/AC0014-Academic-Appeals-Procedures.pdf]
[www.asu.edu.om/img/ASUFiles/AC0016-Archiving-of-Assessed-Students-Work-Policy.pdf]
[www.asu.edu.om/img/ASUFiles/AC0017-Policy-for-Support-for-Special-Needs-Students.pdf]
[www.asu.edu.om/img/ASUFiles/AC0018-External-Moderation-Policy.pdf]
[www.asu.edu.om/img/ASUFiles/AC0019-Student-Affairs-Manual.pdf]
[www.asu.edu.om/img/ASUFiles/AC0020-University-Learning-Teaching-and-Student-Achievement-Strategy.pdf]
[www.asu.edu.om/img/ASUFiles/AC0021-Student-Feedback-Policy.pdf]
[www.asu.edu.om/img/ASUFiles/AC0022-Student-Dorm-Manual.pdf]
[www.asu.edu.om/img/ASUFiles/AC0023-eLearning-Policy.pdf]
[www.asu.edu.om/img/ASUFiles/AC0024-Online-Examination-Policy.pdf]
[www.asu.edu.om/img/ASUFiles/AC0025-Student-Enrolment-and-Retention-Policy.pdf]
[www.asu.edu.om/img/ASUFiles/AC0026-Open-Educational-Resources.pdf]
[www.asu.edu.om/img/ASUFiles/Accounting-and-Finance,-Bachelor.pdf]
[www.asu.edu.om/img/ASUFiles/Accounting-and-Finance,-Diploma.pdf]
[www.asu.edu.om/img/ASUFiles/ACCT-304-Intermediate-Managerial-Accounting.pdf]
[www.asu.edu.om/img/ASUFiles/ACCT101-Introduction-to-Financial-Accounting.pdf]
[www.asu.edu.om/img/ASUFiles/ACCT201-Introduction-to-Managerial-Accounting.pdf]
[www.asu.edu.om/img/ASUFiles/ACCT301-Intermediate-Financial-Accounting.pdf]
[www.asu.edu.om/img/ASUFiles/ACCT307-Accounting-Information-System.pdf]
[www.asu.edu.om/img/ASUFiles/ACCT310-Auditing--Accountability.pdf]
[www.asu.edu.om/img/ASUFiles/ACCT420-Advanced-Financial-Accounting.pdf]
[www.asu.edu.om/img/ASUFiles/ACCT430-Accounting-Theory.pdf]
[www.asu.edu.om/img/ASUFiles/ACCT470-Internship.pdf]
[www.asu.edu.om/img/ASUFiles/ACCT475-Research-Project.pdf]
[www.asu.edu.om/img/ASUFiles/AD0001-Facilities-Management-Manual.pdf]
[www.asu.edu.om/img/ASUFiles/AD0002-Information-Technology-Services-Manual.pdf]
[www.asu.edu.om/img/ASUFiles/AD0003-Inventory-Manual.pdf]
[www.asu.edu.om/img/ASUFiles/AD0004-Procurement-and-Contract-Manual.pdf]
[www.asu.edu.om/img/ASUFiles/AD0005-ASU-Leasing-Policy.pdf]
[www.asu.edu.om/img/ASUFiles/AD0006-ASU-Communications-Policy.pdf]
[www.asu.edu.om/img/ASUFiles/AD0007-ASU-Web-Policy.pdf]
[www.asu.edu.om/img/ASUFiles/AD0008-University-Security-Manual.pdf]
[www.asu.edu.om/img/ASUFiles/AD0008-University-Security-Manual-Arabic.pdf]
[www.asu.edu.om/img/ASUFiles/AD0009-ASU-Marketing-Strategy.pdf]
[www.asu.edu.om/img/ASUFiles/AD0010-Public-Relations-and-Media-Manual.pdf]
[www.asu.edu.om/img/ASUFiles/AD0011-University-Transportation-Manual.pdf]
[www.asu.edu.om/img/ASUFiles/AHND-450-Food-Service-Management_latestversion_updated.pdf]
[www.asu.edu.om/img/ASUFiles/AHND-472-Cultural-Aspects-of-Diet.pdf]
[www.asu.edu.om/img/ASUFiles/AHND-494-International-Food-Situtation_updated(1).pdf]
[www.asu.edu.om/img/ASUFiles/AHND101-Introduction-to-human-nutrition.pdf]
[www.asu.edu.om/img/ASUFiles/AHND210-Human-Anatomy-and-Physiology.pdf]
[www.asu.edu.om/img/ASUFiles/AHND262-Nutritional-Biochemistry-(3x3)_new-program.pdf]
[www.asu.edu.om/img/ASUFiles/AHND281-Human-Anatomy-and-Physiology-Lab.pdf]
[www.asu.edu.om/img/ASUFiles/AHND360-Nutrition-and-Metabolism.pdf]
[www.asu.edu.om/img/ASUFiles/AHND362-Nutrition-in-life-cycle-1.pdf]
[www.asu.edu.om/img/ASUFiles/AHND363-Nutrition-in-life-cycle-2.pdf]
[www.asu.edu.om/img/ASUFiles/AHND370-Assessment-of-Nutritional-Status.pdf]
[www.asu.edu.om/img/ASUFiles/AHND380-Principles-of-Dietetics.pdf]
[www.asu.edu.om/img/ASUFiles/AHND451_Quantity-Foods-(3x3)_new-program_latestversion_updated.pdf]
[www.asu.edu.om/img/ASUFiles/AHND452-Nutritional-Epidemiology-updated-1.pdf]
[www.asu.edu.om/img/ASUFiles/AHND460-Meal-planning.pdf]
[www.asu.edu.om/img/ASUFiles/AHND480-Community-Nutrition.pdf]
[www.asu.edu.om/img/ASUFiles/AHND482_Emerging-Issues-in-Food-Science-and-Nutrition-Updated.pdf]
[www.asu.edu.om/img/ASUFiles/AHND483-neutraceuticals.pdf]
[www.asu.edu.om/img/ASUFiles/AHND485-Medical-nutrition-therapy-1.pdf]
[www.asu.edu.om/img/ASUFiles/AHND486-Mediacl-Nutrition-therapy-2.pdf]
[www.asu.edu.om/img/ASUFiles/AHND488-Nutrition-Education-and-Dietetic-counseling.pdf]
[www.asu.edu.om/img/ASUFiles/AHND490-Nutrition-Seminar.pdf]
[www.asu.edu.om/img/ASUFiles/AHND491-Health-Program-Design-and-Implementation.pdf]
[www.asu.edu.om/img/ASUFiles/AHND492-Sports-Nutrition(3x3)_new-program.pdf]
[www.asu.edu.om/img/ASUFiles/AHND493-Maternal-and-Child-Health.pdf]
[www.asu.edu.om/img/ASUFiles/AHND495-INTERNSHIP.pdf]
[www.asu.edu.om/img/ASUFiles/ALL-Course-Descriptors-2021-22.xlsx]
[www.asu.edu.om/img/ASUFiles/APSC301-Research-Skills-in-Science.pdf]
[www.asu.edu.om/img/ASUFiles/APSC310-Human-Anatomy-and-Physiology.pdf]
[www.asu.edu.om/img/ASUFiles/APSC381-Human-Anatomy-and-Physiology-Lab.pdf]
[www.asu.edu.om/img/ASUFiles/ARAB101-Arabic-Language.pdf]
[www.asu.edu.om/img/ASUFiles/ARAB101a-Arabic-language-and-skills.pdf]
[www.asu.edu.om/img/ASUFiles/ARAB111-Pre-Islamic Poetry.pdf]
[www.asu.edu.om/img/ASUFiles/ARAB112-Grammar- Arabic.pdf]
[www.asu.edu.om/img/ASUFiles/ARAB113-Spelling and punctuation.pdf]
[www.asu.edu.om/img/ASUFiles/ARAB121-Arabic-Language-2.pdf]
[www.asu.edu.om/img/ASUFiles/ARAB122-Islamic and Umayy poetry.pdf]
[www.asu.edu.om/img/ASUFiles/ARAB124-Grammar- Arabic-2.pdf]
[www.asu.edu.om/img/ASUFiles/Arab125-Old-Prose-Arabic.pdf]
[www.asu.edu.om/img/ASUFiles/ARAB128-Introduction-to-literary-and-linguistic-sources.pdf]
[www.asu.edu.om/img/ASUFiles/ARAB211-Grammar-and-morphology-2.pdf]
[www.asu.edu.om/img/ASUFiles/ARAB212-Abbasid Poetry.pdf]
[www.asu.edu.om/img/ASUFiles/ARAB213-Grammar-3.pdf]
[www.asu.edu.om/img/ASUFiles/ARAB214-Andalusian-Prose.pdf]
[www.asu.edu.om/img/ASUFiles/ARAB215-Morphology.pdf]
[www.asu.edu.om/img/ASUFiles/ARAB221-Moderan-Poetry.pdf]
[www.asu.edu.om/img/ASUFiles/ARAB222-Abbasid-Prose.pdf]
[www.asu.edu.om/img/ASUFiles/ARAB223-Andalusian-poetry.pdf]
[www.asu.edu.om/img/ASUFiles/ARAB224-Grammar-4.pdf]
[www.asu.edu.om/img/ASUFiles/ARAB228-Literature-of-Successive-Eras.pdf]
[www.asu.edu.om/img/ASUFiles/ARAB412-Omani-Literature.pdf]
[www.asu.edu.om/img/ASUFiles/ASU-Strategic-Plan--2020-25.pdf]
[www.asu.edu.om/img/ASUFiles/Bachelor-of-Engineering-in-Electronics-and-Communication-Engineering.pdf]
[www.asu.edu.om/img/ASUFiles/Bachelor-of-Science-in-Energy-Engineering.pdf]
[www.asu.edu.om/img/ASUFiles/BIOL101-Biology-I.pdf]
[www.asu.edu.om/img/ASUFiles/BIOL181-Biology-I--Lab.pdf]
[www.asu.edu.om/img/ASUFiles/BIOL201-Microbiology.pdf]
[www.asu.edu.om/img/ASUFiles/BIOL281-Microbiology-Lab.pdf]
[www.asu.edu.om/img/ASUFiles/BIOL302E-Nutrition-Science.pdf]
[www.asu.edu.om/img/ASUFiles/BLAW405-Corporate-and-Business-Law.pdf]
[www.asu.edu.om/img/ASUFiles/BTech-in-Electrical-Engineeirng-Technology.pdf]
[www.asu.edu.om/img/ASUFiles/CHEM101-Chemistry-I.pdf]
[www.asu.edu.om/img/ASUFiles/CHEM102-Chemistry-II.pdf]
[www.asu.edu.om/img/ASUFiles/CHEM181-Chemistry-I-Lab.pdf]
[www.asu.edu.om/img/ASUFiles/CHEM182-Chemistry-II-Lab.pdf]
[www.asu.edu.om/img/ASUFiles/Civil--Engineering,-Bachelor.pdf]
[www.asu.edu.om/img/ASUFiles/Civil--Engineering,-Diploma.pdf]
[www.asu.edu.om/img/ASUFiles/CNMN3001-Construction-Methodology.pdf]
[www.asu.edu.om/img/ASUFiles/CNMN3002-Construction-Safety.pdf]
[www.asu.edu.om/img/ASUFiles/CNMN3004-Construction-Law.pdf]
[www.asu.edu.om/img/ASUFiles/CNMN3005-Contract-Administration.pdf]
[www.asu.edu.om/img/ASUFiles/CNMN3007-Construction-Technology-1.pdf]
[www.asu.edu.om/img/ASUFiles/CNMN3008-Construction-Technology-2.pdf]
[www.asu.edu.om/img/ASUFiles/CNMN3009-Construction-Site-Planning-and-Control.pdf]
[www.asu.edu.om/img/ASUFiles/CNMN4003-Mechanical-and-Electrical-Systems.pdf]
[www.asu.edu.om/img/ASUFiles/CNMN4005-Building-Information-Modeling.pdf]
[www.asu.edu.om/img/ASUFiles/CNMN405-Building-Information-Modelling.pdf]
[www.asu.edu.om/img/ASUFiles/Construction-Management,-Bachelor.pdf]
[www.asu.edu.om/img/ASUFiles/Construction-Management,-Diploma.pdf]
[www.asu.edu.om/img/ASUFiles/COUN101-Principles-of-school-guidance.pdf]
[www.asu.edu.om/img/ASUFiles/COUN122-Counselling-psychological-theories.pdf]
[www.asu.edu.om/index729a.html]
[www.asu.edu.om/img/ASUFiles/COUN129-Introduction-to-Career-Counseling.pdf]
[www.asu.edu.om/img/ASUFiles/COUN210-Psychology-of-Adaptation-Mental-Health.pdf]
[www.asu.edu.om/img/ASUFiles/COUN211-Marriage-and-Family Counseling.pdf]
[www.asu.edu.om/img/ASUFiles/COUN221-organization-and-administration-of-psychological-counseling-services.pdf]
[www.asu.edu.om/img/ASUFiles/COUN223-Group-Dynamics.pdf]
[www.asu.edu.om/img/ASUFiles/COND230-The-psychology-of-emotions-and-their-disorders.pdf]
[www.asu.edu.om/img/ASUFiles/COUN240-Counseling-Special-Groups-and-Crisis.pdf]
[www.asu.edu.om/img/ASUFiles/COUN312-Code-of-Ethics-for-the-Profession-of-Psychological-Counseling.pdf]
[www.asu.edu.om/img/ASUFiles/COUN313-Problems-of-children-and-adolescents-and-guidance.pdf]
[www.asu.edu.om/img/ASUFiles/COUN319-Psychology-of-the-gifted-and-guidance.pdf]
[www.asu.edu.om/img/ASUFiles/COUN390-Psychology-of-disabilities-and-guidance.pdf]
[www.asu.edu.om/img/ASUFiles/COUN411-Theories-of-Collective-Counseling.pdf]
[www.asu.edu.om/img/ASUFiles/COUN415-Counseling-Psychological-Laboratory.pdf]
[www.asu.edu.om/img/ASUFiles/COUN610-Family-Counseling.pdf]
[www.asu.edu.om/img/ASUFiles/COUN611-Counseling-theories-criticism-and-analysis.pdf]
[www.asu.edu.om/img/ASUFiles/COUN612-Individual-and-group-counseling.pdf]
[www.asu.edu.om/img/ASUFiles/COUN616-Counseling-children-and-adolescents.pdf]
[www.asu.edu.om/img/ASUFiles/COUN620-Family-Counseling-2.pdf]
[www.asu.edu.om/img/ASUFiles/COUN620-Psychological-Counseling-Practical.pdf]
[www.asu.edu.om/img/ASUFiles/CUTM610-Modern-curriculum-theories-and-implementations.pdf]
[www.asu.edu.om/img/ASUFiles/CUTM612-Modern-technology-and-its-educational-applications.pdf]
[www.asu.edu.om/img/ASUFiles/CUTM613-Effective-educational-evaluation-and-its-strategies.pdf]
[www.asu.edu.om/img/ASUFiles/CUTM614--Comparative-studies-in-curricula.pdf]
[www.asu.edu.om/img/ASUFiles/CUTM615-advanced-discussion-seminar-session-in-curriculum-and-teaching-methods.pdf]
[www.asu.edu.om/img/ASUFiles/CUTM699-Messege.pdf]
[www.asu.edu.om/img/ASUFiles/CVEN231-Engineering-Geology.pdf]
[www.asu.edu.om/img/ASUFiles/CVEN260-Geotechnical-Engineering.pdf]
[www.asu.edu.om/img/ASUFiles/CVEN280-Construction-Methodology.pdf]
[www.asu.edu.om/img/ASUFiles/CVEN301-Design-of-Concrete-Structures-I.pdf]
[www.asu.edu.om/img/ASUFiles/CVEN310-Surveying.pdf]
[www.asu.edu.om/img/ASUFiles/CVEN324-Integrated-Group-Project.pdf]
[www.asu.edu.om/img/ASUFiles/CVEN332-Civil-Engineering-Material-.pdf]
[www.asu.edu.om/img/ASUFiles/CVEN333-Mechanics-of-Materials.pdf]
[www.asu.edu.om/img/ASUFiles/CVEN340-Analysis-of-Structure-I.pdf]
[www.asu.edu.om/img/ASUFiles/CVEN361-Environmental-Engineering.pdf]
[www.asu.edu.om/img/ASUFiles/CVEN362-Transportation-Engineering.pdf]
[www.asu.edu.om/img/ASUFiles/CVEN441-Design-of-Steel-Structures.pdf]
[www.asu.edu.om/img/ASUFiles/CVEN442-Design-of-Concrete-Structures-II.pdf]
[www.asu.edu.om/img/ASUFiles/CVEN443-Foundation-Engineering.pdf]
[www.asu.edu.om/img/ASUFiles/CVEN451-Hydraulics-Engineering.pdf]
[www.asu.edu.om/img/ASUFiles/CVEN470-Engineering-Project-Management.pdf]
[www.asu.edu.om/img/ASUFiles/CVEN491-Capstone-Design-Project-I.pdf]
[www.asu.edu.om/img/ASUFiles/CVEN520-Rock-Engineering.pdf]
[www.asu.edu.om/img/ASUFiles/CVEN521-Dynamics-of-Structures.pdf]
[www.asu.edu.om/img/ASUFiles/CVEN536-Pre-Stressed-Concrete.pdf]
[www.asu.edu.om/img/ASUFiles/CVEN537-Ground-Improvement.pdf]
[www.asu.edu.om/img/ASUFiles/CVEN538-Earth-Retaining-Structures.pdf]
[www.asu.edu.om/img/ASUFiles/CVEN544-Design-of-Temporary-structures.pdf]
[www.asu.edu.om/img/ASUFiles/CVEN545-Analysis-of-structures-II.pdf]
[www.asu.edu.om/img/ASUFiles/CVEN546-Design-and-Rehabilitation-of-Pavements.pdf]
[www.asu.edu.om/img/ASUFiles/CVEN552-Engineering-Hydrology.pdf]
[www.asu.edu.om/img/ASUFiles/CVEN553-Water-Resources-Engineering.pdf]
[www.asu.edu.om/img/ASUFiles/CVEN554-Hydrogeology-and-Groundwater-Contamination.pdf]
[www.asu.edu.om/img/ASUFiles/CVEN563_Traffic-Engineering.pdf]
[www.asu.edu.om/img/ASUFiles/CVEN564-Coastal-Engineering.pdf]
[www.asu.edu.om/img/ASUFiles/CVEN592-Capstone-Design-Project-II.pdf]
[www.asu.edu.om/img/ASUFiles/CVENE350-Thermofluids-Engineering.pdf]
[www.asu.edu.om/img/ASUFiles/Diploma-in-Eletronics-and-Communication.pdf]
[www.asu.edu.om/img/ASUFiles/ECEN322-CircuitTheoryII.pdf]
[www.asu.edu.om/img/ASUFiles/ECEN332-ElectronicsII.pdf]
[www.asu.edu.om/img/ASUFiles/ECEN431-Communication-Electronics.pdf]
[www.asu.edu.om/img/ASUFiles/ECEN532-Digital-Electronics.pdf]
[www.asu.edu.om/img/ASUFiles/ECEN533-Power-Electronics.pdf]
[www.asu.edu.om/img/ASUFiles/ECON101-Principles-of-Microeconomics.pdf]
[www.asu.edu.om/img/ASUFiles/ECON101A-Micro-Economics.pdf]
[www.asu.edu.om/img/ASUFiles/ECON201-Principles-of-Macroeconomics.pdf]
[www.asu.edu.om/img/ASUFiles/ECON510-Managerial-Economics.pdf]
[www.asu.edu.om/img/ASUFiles/Administration-Educational-Advanced.pdf]
[www.asu.edu.om/img/ASUFiles/EDAD621-Educational-Planning-Advanced.pdf]
[www.asu.edu.om/img/ASUFiles/EDAD622-Readings-in-Educational-Administration-in-English.pdf]
[www.asu.edu.om/img/ASUFiles/EDAD630-Educational-Leadership-and-its-Theories.pdf]
[www.asu.edu.om/img/ASUFiles/EDAD631-Organizational-behaviour-in-educational-institutions.pdf]
[www.asu.edu.om/img/ASUFiles/EDAD640-Educational-Policies.pdf]
[www.asu.edu.om/img/ASUFiles/EDAD641-Quality-Management-in-Educational-Institutions.pdf]
[www.asu.edu.om/img/ASUFiles/EDAD650-Educational-supervision-and-its-theories.pdf]
[www.asu.edu.om/img/ASUFiles/EDAD651-Educational-Programme Evaluation.pdf]
[www.asu.edu.om/img/ASUFiles/EDAD660-Comparative-Studies-in-Educational-Administration.pdf]
[www.asu.edu.om/img/ASUFiles/EDAD661-Contemporary-Issues-in-Educational-Administration.pdf]
[www.asu.edu.om/img/ASUFiles/EDAD699-Messege.pdf]
[www.asu.edu.om/img/ASUFiles/EDU513-Fundamentals-of-Education.pdf]
[www.asu.edu.om/img/ASUFiles/EDUC110-E-Foundation-in-Education.pdf]
[www.asu.edu.om/img/ASUFiles/EDUC121E--Educational-Psychology.pdf]
[www.asu.edu.om/img/ASUFiles/EDUC210-Introduction-to-educational-psychology.pdf]
[www.asu.edu.om/img/ASUFiles/EDUC212-Measurement-and-Classroom-Evaluation.pdf]
[www.asu.edu.om/img/ASUFiles/EDUC213--Fundamentals-of-Education.pdf]
[www.asu.edu.om/img/ASUFiles/EDUC214-Educational-Measurement-and-Evaluation.pdf]
[www.asu.edu.om/img/ASUFiles/EDUC217-Learning-and-Teaching-Values.pdf]
[www.asu.edu.om/img/ASUFiles/EDUC218-Educational-Research-Project.pdf]
[www.asu.edu.om/img/ASUFiles/EDUC220E-Psychological-Development-of-Young-Learners.pdf]
[www.asu.edu.om/img/ASUFiles/EDUC221E-Educational-Technology.pdf]
[www.asu.edu.om/img/ASUFiles/EDUC251E-English-Curriculum.pdf]
[www.asu.edu.om/img/ASUFiles/EDUC310E-Educational-System-in-Oman-and-GCC-countries-.pdf]
[www.asu.edu.om/img/ASUFiles/EDUC311-Curriculum-First Cycle.pdf]
[www.asu.edu.om/img/ASUFiles/EDUC312-Teaching-Methods-Secondary-One.pdf]
[www.asu.edu.om/img/ASUFiles/EDUC313-Methods-of-Teaching-the-Arabic-Language.pdf]
[www.asu.edu.om/img/ASUFiles/EDUC314-Practical-Practices-1.pdf]
[www.asu.edu.om/img/ASUFiles/EDUC315-Classroom-and-School-Management.pdf]
[www.asu.edu.om/img/ASUFiles/EDUC316-Computerized-Material-Design-for-Kids.pdf]
[www.asu.edu.om/img/ASUFiles/EDUC317-Classroom-and-School-Management.pdf]
[www.asu.edu.om/img/ASUFiles/EDUC317E-School-&-Classroom-Management.pdf]
[www.asu.edu.om/img/ASUFiles/EDUC321-Classroom-and-School-Management.pdf]
[www.asu.edu.om/img/ASUFiles/EDUC323-Methods-of-Teaching-Islamic-Education.pdf]
[www.asu.edu.om/img/ASUFiles/EDUC324E-Practicum-1.pdf]
[www.asu.edu.om/img/ASUFiles/EDUC325-Practical-Practices2.pdf]
[www.asu.edu.om/img/ASUFiles/EDUC330-Science-Curriculum.pdf]
[www.asu.edu.om/img/ASUFiles/EDUC332-Curricula-Mathematics.pdf]
[www.asu.edu.om/img/ASUFiles/EDUC351E-Methods-of-Teaching-English-as-a-Second-language.pdf]
[www.asu.edu.om/img/ASUFiles/EDUC372--Practical-Applications-2.pdf]
[www.asu.edu.om/img/ASUFiles/EDUC442-Methods-of-Teaching-Social-Studies.pdf]
[www.asu.edu.om/img/ASUFiles/EDUC451-Methods-of-Teaching-Science.pdf]
[www.asu.edu.om/img/ASUFiles/EDUC510-Educational-Psychology.pdf]
[www.asu.edu.om/img/ASUFiles/EDUC511-School-Mental-Health.pdf]
[www.asu.edu.om/img/ASUFiles/EDUC512--Measurement-and-Classroom-Evaluation.pdf]
[www.asu.edu.om/img/ASUFiles/EDUC514-The-Education-System-in-Oman-and-the-Arabian-Gulf.pdf]
[www.asu.edu.om/img/ASUFiles/EDUC515-Classroom-and-School-Management.pdf]
[www.asu.edu.om/img/ASUFiles/EDUC516-Education-Learning-Technology.pdf]
[www.asu.edu.om/img/ASUFiles/EDUC521-Islamic-Education-Curricula.pdf]
[www.asu.edu.om/img/ASUFiles/EDUC522--Methods-of-teaching-Islamic-education.pdf]
[www.asu.edu.om/img/ASUFiles/EDUC531-Arabic-language-curricula.pdf]
[www.asu.edu.om/img/ASUFiles/EDUC532--Methods-of-teaching-the-Arabic-language.pdf]
[www.asu.edu.om/img/ASUFiles/EDUC541-Science-curricula-planning-development-design-and-maintenance.pdf]
[www.asu.edu.om/img/ASUFiles/EDUC551-Mathematics-Curricula-Planning-Development-Design-and-Maintenance.pdf]
[www.asu.edu.om/img/ASUFiles/EDUC561-Curriculum.pdf]
[www.asu.edu.om/img/ASUFiles/EDUC582-Methods-of-Teaching-Social-Studies.pdf]
[www.asu.edu.om/img/ASUFiles/EDUC591-Computer-Curricula-Planning-Development-Design-and-Maintenance.pdf]
[www.asu.edu.om/img/ASUFiles/EDUC601-Research-Methods-in-Education-and-Psychology-arabic.pdf]
[www.asu.edu.om/img/ASUFiles/EDUC601-Research-Methods-in-Education-and-Psychology.pdf]
[www.asu.edu.om/img/ASUFiles/EDUC602-Statistics-in-Educational-Research.pdf]
[www.asu.edu.om/img/ASUFiles/Education-in-English,-Bachelor.pdf]
[www.asu.edu.om/img/ASUFiles/Education-in-Mathematics,-Bachelor.pdf]
[www.asu.edu.om/img/ASUFiles/EDUC581-Social-Studies-Curriculum.pdf]
[www.asu.edu.om/img/ASUFiles/EETE4011-Power-Electronics.pdf]
[www.asu.edu.om/img/ASUFiles/ENEN201-RENEWABLE-ENERGY.pdf]
[www.asu.edu.om/img/ASUFiles/ENEN301-Environmental-Chemistry.pdf]
[www.asu.edu.om/img/ASUFiles/ENEN302-Environmental-Microbiology.pdf]
[www.asu.edu.om/img/ASUFiles/ENEN360-Environmental-Law.pdf]
[www.asu.edu.om/img/ASUFiles/ENEN4001-RENEWABLE-ENERGY.pdf]
[www.asu.edu.om/img/ASUFiles/ENEN401-RENEWABLE-ENERGY.pdf]
[www.asu.edu.om/img/ASUFiles/ENEN422-Environmental-Measurements.pdf]
[www.asu.edu.om/img/ASUFiles/ENEN431-Water-and-Wastewater-Treatment.pdf]
[www.asu.edu.om/img/ASUFiles/ENEN441-Air-Pollution.pdf]
[www.asu.edu.om/img/ASUFiles/ENEN461-Solid-Waste-Management.pdf]
[www.asu.edu.om/img/ASUFiles/ENEN531-Advanced-Wastewater-Treatment-20162017.pdf]
[www.asu.edu.om/img/ASUFiles/ENEN571-Environmental-Pollution.pdf]
[www.asu.edu.om/img/ASUFiles/ENEN572-Environmental-Impact-Assessment.pdf]
[www.asu.edu.om/img/ASUFiles/ENEN581-Climate-Change.pdf]
[www.asu.edu.om/img/ASUFiles/ENEN582-Desalination-Engineering.pdf]
[www.asu.edu.om/img/ASUFiles/Engineering-Management,-Master-of-Science.pdf]
[www.asu.edu.om/img/ASUFiles/ENGL101-English-Communication-Skills-1.pdf]
[www.asu.edu.om/img/ASUFiles/ENGL101A-English-Communication-Skills-1-Arabic.pdf]
[www.asu.edu.om/img/ASUFiles/ENGL102-English-Communication-Skills-2.pdf]
[www.asu.edu.om/img/ASUFiles/ENGL102A-English-Communication-Skills-2-Arabic.pdf]
[www.asu.edu.om/img/ASUFiles/ENGL111-English-Grammar-1.pdf]
[www.asu.edu.om/img/ASUFiles/ENGL112-English-Grammar-2.pdf]
[www.asu.edu.om/img/ASUFiles/ENGL121-Academic-Reading-&-Writing-1.pdf]
[www.asu.edu.om/asufiles.html]
[www.asu.edu.om/img/ASUFiles/ENGL122-Academic-Reading-and-Writing-2.pdf]
[www.asu.edu.om/ibra.html]
[www.asu.edu.om/ibra96f6.html]
[www.asu.edu.om/Staff/indexc998.html]
[www.asu.edu.om/Students/index9ca4.html]
[www.asu.edu.om/Page/Details/162fcba.html]
[www.asu.edu.om/Page/Details/163a1a7.html]
[www.asu.edu.om/Content/owl.carousel.min.css]
[www.asu.edu.om/Page/Details/5463ee.html]
[www.asu.edu.om/Students/index96f6.html]
[www.asu.edu.om/Page/Details/557baf.html]
[www.asu.edu.om/Page/Details/52139e.html]
[www.asu.edu.om/Page/Details/53aa09.html]
[www.asu.edu.om/Page/Details/5496f6]
[www.asu.edu.om/programmes/Diploma.html]
[www.asu.edu.om/programmes/Bachelors.html]
[www.asu.edu.om/programmes/Master.html]
[www.asu.edu.om/Page/Details/5296f6]
[www.asu.edu.om/Page/Details/5396f6]
[cdn.jsdelivr.net/gh/jpswalsh/academicons@1/css/academicons.min.css]
[www.asu.edu.om/vendor/slick/fonts/slick.svg]
[www.asu.edu.om/img/bg-sharpen.html]
[www.asu.edu.om/Content/bootstrap.rtl.css]
[www.asu.edu.om/Page/Details/1626517.html]
[www.asu.edu.om/Page/Details/163a463.html]
[www.asu.edu.om/programmes/Master96f6]
[www.asu.edu.om/Page/Dissertationsc75f.html]
[www.asu.edu.om/asufilesbeb3.html]
[www.asu.edu.om/ibra8dbe.html]
[www.asu.edu.om/ibraf39a.html]
[www.asu.edu.om/ibra39d5.html]
[www.asu.edu.om/ibra388e.html]
[www.asu.edu.om/ibra8884.html]
[www.asu.edu.om/page/details/163]
[www.asu.edu.om/ibra0dd6.html]
[www.asu.edu.om/Page/Details/3796f6.html]
[www.asu.edu.om/programmes/Master/index0ff1.html]
[www.asu.edu.om/qaaabe6.html]
[www.asu.edu.om/Team/index1cb4.html]
[www.asu.edu.om/Team/index273b.html]
[www.asu.edu.om/Team/index15f2.html]
[www.asu.edu.om/Team/index092c.html]
[www.asu.edu.om/img/Ibra/6b178dbd-a2c6-414e-a53d-b6bb74e32012.jpg]
[www.asu.edu.om/Mashreq/index37ed.html]
[www.asu.edu.om/page/details/37.html]
[www.asu.edu.om/Page/Details/6a8fb.html]
[www.asu.edu.om/Page/Details/14196f6.html]
[www.asu.edu.om/page/details/141.html]
[www.asu.edu.om/QAA/index.html]
[www.asu.edu.om/QAA/Policies/index.html]
[www.asu.edu.om/QAA/Role/index.html]
[www.asu.edu.om/QAA/Accreditation/index.html]
[www.asu.edu.om/QAA/Contact/index.html]
[www.asu.edu.om/qaa/policies]
[www.asu.edu.om/qaa/role]
[www.asu.edu.om/Team/index96f6.html]
[www.asu.edu.om/Mashreq/index96f6.html]
[www.asu.edu.om/qaa/contact]
[www.asu.edu.om/MashreqFiles/9/index.html]
[www.asu.edu.om/MashreqFiles/8/index.html]
[www.asu.edu.om/MashreqFiles/7/index.html]
[www.asu.edu.om/MashreqFiles/6/index.html]
[www.asu.edu.om/MashreqFiles/8/shot.png]
[www.asu.edu.om/MashreqFiles/4/index.html]
[www.asu.edu.om/MashreqFiles/7/shot.png]
[www.asu.edu.om/MashreqFiles/3/index.html]
[www.asu.edu.om/MashreqFiles/6/shot.png]
[www.asu.edu.om/MashreqFiles/2/index.html]
[www.asu.edu.om/MashreqFiles/1/index.html]
[www.asu.edu.om/MashreqFiles/3/shot.png]
[www.asu.edu.om/programmes/Diploma/index96f6.html]
[www.asu.edu.om/programmes.html]
[www.asu.edu.om/MashreqFiles/2/shot.png]
[www.asu.edu.om/programmes/diploma-2.html]
[www.asu.edu.om/MashreqFiles/1/shot.png]
[www.asu.edu.om/programmes/Details/16e89.html]
[www.asu.edu.om/programmes/Details/1ee34.html]
[www.asu.edu.om/programmes/Details/2939a.html]
[www.asu.edu.om/programmes/Details/24259.html]
[www.asu.edu.om/programmes/Details/43f1a1.html]
[www.asu.edu.om/programmes/Details/43264a.html]
[www.asu.edu.om/programmes/Details/331d6.html]
[www.asu.edu.om/programmes/Details/31cdf.html]
[www.asu.edu.om/programmes/Details/48ae6.html]
[www.asu.edu.om/programmes/Details/48272.html]
[www.asu.edu.om/programmes/details/2]
[www.asu.edu.om/files/y2025m4d9_115959.pdf]
[www.asu.edu.om/programmes/Details/3788c76.html]
[www.asu.edu.om/programmes/Details/378dcd1.html]
[www.asu.edu.om/programmes/Details/65b413.html]
[www.asu.edu.om/programmes/Details/655268.html]
[www.asu.edu.om/programmes/Details/679a1b.html]
[www.asu.edu.om/programmes/Details/6779b6.html]
[www.asu.edu.om/programmes/details/4]
[www.asu.edu.om/programmes/Details/3894c06.html]
[www.asu.edu.om/programmes/Details/3891b04.html]
[www.asu.edu.om/files/y2024m6d30_9434.pdf]
[www.asu.edu.om/programmes/Details/691439.html]
[www.asu.edu.om/programmes/details/65]
[www.asu.edu.om/programmes/Details/6994ad.html]
[www.asu.edu.om/programmes/Details/71c776.html]
[www.asu.edu.om/programmes/Details/1319973.html]
[www.asu.edu.om/files/y2024m6d30_84616.pdf]
[www.asu.edu.om/programmes/Details/381b1b1.html]
[www.asu.edu.om/programmes/Details/381bfe0.html]
[www.asu.edu.om/programmes/Details/3858218.html]
[www.asu.edu.om/programmes/Details/3850f15.html]
[www.asu.edu.om/programmes/Bachelors/index96f6.html]
[www.asu.edu.om/programmes/bachelors-2.html]
[www.asu.edu.om/programmes/Details/163cda.html]
[www.asu.edu.om/programmes/Details/16a51d.html]
[www.asu.edu.om/programmes/Details/18271b.html]
[www.asu.edu.om/programmes/details/381]
[www.asu.edu.om/programmes/Details/4280ef.html]
[www.asu.edu.om/files/y2025m4d9_111438.pdf]
[www.asu.edu.om/programmes/Details/42307e.html]
[www.asu.edu.om/programmes/Details/3765dff.html]
[www.asu.edu.om/programmes/Details/376dd2c.html]
[www.asu.edu.om/programmes/Details/17408f.html]
[www.asu.edu.om/files/y2025m4d9_115637.pdf]
[www.asu.edu.om/programmes/Details/179ef0.html]
[www.asu.edu.om/programmes/Details/38ee17.html]
[www.asu.edu.om/programmes/Details/38db33.html]
[www.asu.edu.om/programmes/Details/3794be7.html]
[www.asu.edu.om/programmes/details/17]
[www.asu.edu.om/files/y2025m4d9_9353.pdf]
[www.asu.edu.om/programmes/Details/3797751.html]
[www.asu.edu.om/programmes/Details/19b2e8.html]
[www.asu.edu.om/programmes/Details/19a209.html]
[www.asu.edu.om/programmes/Details/512ea74.html]
[www.asu.edu.om/programmes/Details/5128f62.html]
[www.asu.edu.om/img/ArticleImgs/small/index.html]
[www.asu.edu.om/programmes/Details/553a18a.html]
[www.asu.edu.om/files/y2025m4d9_115140.pdf]
[www.asu.edu.om/programmes/Details/5539d14.html]
[www.asu.edu.om/files/y2025m4d9_102616.pdf]
[www.asu.edu.om/programmes/Details/64c575.html]
[www.asu.edu.om/programmes/details/512]
[www.asu.edu.om/programmes/details/553]
[www.asu.edu.om/programmes/details/64.html]
[www.asu.edu.om/files/y2024m6d30_85742.pdf]
[www.asu.edu.om/files/y2024m6d30_9041.pdf]
[www.asu.edu.om/programmes/Details/6497cb.html]
[www.asu.edu.om/programmes/Details/72706f.html]
[www.asu.edu.om/programmes/Details/72e223.html]
[www.asu.edu.om/programmes/Details/502779c.html]
[www.asu.edu.om/programmes/Details/5029d7f.html]
[www.asu.edu.om/files/y2024m6d30_83925.pdf]
[www.asu.edu.om/programmes/Details/503bc65.html]
[www.asu.edu.om/programmes/Details/503c4ed.html]
[www.asu.edu.om/programmes/Details/666239.html]
[www.asu.edu.om/programmes/Details/6639d4.html]
[www.asu.edu.om/programmes/details/72]
[www.asu.edu.om/programmes/Details/347fd76.html]
[www.asu.edu.om/programmes/Details/347470a.html]
[www.asu.edu.om/programmes/details/502]
[www.asu.edu.om/programmes/Details/511a3f9.html]
[www.asu.edu.om/files/y2024m6d30_9736.pdf]
[www.asu.edu.om/programmes/details/347]
[www.asu.edu.om/files/y2024m12d15_152335.pdf]
[www.asu.edu.om/programmes/Details/5112ee7.html]
[www.asu.edu.om/programmes/details/511]
[www.asu.edu.om/programmes/Details/685323.html]
[www.asu.edu.om/programmes/Details/68ff3c.html]
[www.asu.edu.om/programmes/Details/704276.html]
[www.asu.edu.om/programmes/Details/78e891.html]
[www.asu.edu.om/programmes/Details/79e1c9.html]
[www.asu.edu.om/files/y2024m7d1_171050.pdf]
[www.asu.edu.om/programmes/Details/798194.html]
[www.asu.edu.om/programmes/Details/805983.html]
[www.asu.edu.om/programmes/details/78]
[www.asu.edu.om/programmes/Details/8092f1.html]
[www.asu.edu.om/programmes/details/79]
[www.asu.edu.om/programmes/details/80]
[www.asu.edu.om/programmes/Details/150e9d7.html]
[www.asu.edu.om/programmes/Details/150044f.html]
[www.asu.edu.om/programmes/Details/509351d.html]
[www.asu.edu.om/programmes/Details/509997c.html]
[www.asu.edu.om/programmes/Details/51038ee.html]
[www.asu.edu.om/programmes/Details/510a7df.html]
[www.asu.edu.om/programmes/details/509]
[www.asu.edu.om/programmes/details/510]
[www.asu.edu.om/programmes/details/82.html]
[www.asu.edu.om/files/y2024m7d18_104231.pdf]
[www.asu.edu.om/programmes/Details/82912b.html]
[www.asu.edu.om/programmes/Details/984ff2.html]
[www.asu.edu.om/programmes/Details/1308a6a.html]
[www.asu.edu.om/programmes/Details/2305b19.html]
[www.asu.edu.om/programmes/Details/230a120.html]
[www.asu.edu.om/files/y2024m10d18_0630.pdf]
[www.asu.edu.om/programmes/details/130]
[www.asu.edu.om/programmes/Details/3801986.html]
[www.asu.edu.om/programmes/Details/380d1cf.html]
[www.asu.edu.om/programmes/details/230]
[www.asu.edu.om/programmes/Details/386db9c.html]
[www.asu.edu.om/programmes/Details/3868d72.html]
[www.asu.edu.om/programmes/Details/41954da.html]
[www.asu.edu.om/programmes/details/380]
[www.asu.edu.om/files/y2024m7d2_8653.pdf]
[www.asu.edu.om/programmes/Details/41936ac.html]
[www.asu.edu.om/programmes/Details/5048882.html]
[www.asu.edu.om/programmes/Details/50434cc.html]
[www.asu.edu.om/programmes/details/419]
[www.asu.edu.om/programmes/Details/38307fa.html]
[www.asu.edu.om/programmes/Details/383cb48.html]
[www.asu.edu.om/programmes/Master/index96f6.html]
[www.asu.edu.om/programmes/master-2.html]
[www.asu.edu.om/programmes/Details/5318c43.html]
[www.asu.edu.om/programmes/Details/5313961.html]
[www.asu.edu.om/programmes/Details/5083e15.html]
[www.asu.edu.om/programmes/Details/5085b15.html]
[www.asu.edu.om/programmes/Details/505a2ce.html]
[www.asu.edu.om/programmes/Details/5057bdf.html]
[www.asu.edu.om/programmes/details/383]
[www.asu.edu.om/files/y2024m12d15_155337.pdf]
[www.asu.edu.om/programmes/Details/5014991.html]
[www.asu.edu.om/programmes/details/505]
[www.asu.edu.om/programmes/details/501.html]
[www.asu.edu.om/img/logo-COL.jpg]
[www.asu.edu.om/Page/Details/56bd01.html]
[www.asu.edu.om/programmes/Details/50159d1.html]
[www.asu.edu.om/Page/Details/357df0a.html]
[www.asu.edu.om/programmes/Details/500908b.html]
[www.asu.edu.om/programmes/Details/418e8aa.html]
[www.asu.edu.om/programmes/Details/4185ccd.html]
[www.asu.edu.om/programmes/Details/417f01d.html]
[www.asu.edu.om/programmes/Details/417bb9b.html]
[www.asu.edu.om/programmes/Details/368d0dd.html]
[www.asu.edu.om/programmes/details/500]
[www.asu.edu.om/programmes/Details/368a72f.html]
[www.asu.edu.om/programmes/Details/367b5ea.html]
[www.asu.edu.om/programmes/Details/3674ea4.html]
[www.asu.edu.om/programmes/details/368]
[www.asu.edu.om/programmes/details/417]
[www.asu.edu.om/files/y2024m7d18_104837.pdf]
[www.asu.edu.om/programmes/Details/3663f5f.html]
[www.asu.edu.om/programmes/Details/366d18d.html]
[www.asu.edu.om/programmes/Details/1402c7a.html]
[www.asu.edu.om/programmes/Details/63b043.html]
[www.asu.edu.om/programmes/details/140]
[www.asu.edu.om/programmes/Details/63f7ca.html]
[www.asu.edu.om/programmes/details/63]
[www.asu.edu.om/programmes/Details/539ba4b.html]
[www.asu.edu.om/programmes/Details/5390b43.html]
[www.asu.edu.om/programmes/details/539.html]
[www.asu.edu.om/programmes/Details/44457e.html]
[www.asu.edu.om/programmes/Details/4465fc.html]
[www.asu.edu.om/programmes/Details/544aff6.html]
[www.asu.edu.om/programmes/Details/5446674.html]
[www.asu.edu.om/programmes/Details/543037a.html]
[www.asu.edu.om/programmes/Details/543cd5a.html]
[www.asu.edu.om/COBA96f6.html]
[www.asu.edu.om/coba-2.html]
[www.asu.edu.om/Page/Details/5347b3.html]
[www.asu.edu.om/Page/Details/159df0a.html]
[www.asu.edu.om/Team/Details/59f094.html]
[www.asu.edu.om/team/indexaa09-2.html]
[www.asu.edu.om/COE96f6.html]
[www.asu.edu.om/coe-2.html]
[www.asu.edu.om/Page/Details/73cdc3.html]
[www.asu.edu.om/files/y2024m7d8_55332.pdf]
[www.asu.edu.om/programmes/details/544]
[www.asu.edu.om/Page/Details/513246d.html]
[www.asu.edu.om/page/details/53]
[www.asu.edu.om/Page/Details/514fe08.html]
[www.asu.edu.om/Page/Details/5155d40.html]
[www.asu.edu.om/page/details/73]
[www.asu.edu.om/Page/Details/5170ba6.html]
[www.asu.edu.om/page/details/513]
[www.asu.edu.om/page/details/515]
[www.asu.edu.om/Page/Details/51894a5.html]
[www.asu.edu.om/page/details/518.html]
[www.asu.edu.om/programmes/Details/5422a08.html]
[www.asu.edu.om/programmes/Details/541f713.html]
[www.asu.edu.om/Page/Details/51742cb.html]
[www.asu.edu.om/Page/Details/518ea0e.html]
[www.asu.edu.om/Page/Details/519ff52.html]
[www.asu.edu.om/Page/Details/51642cb.html]
[www.asu.edu.om/programmes/details/541]
[www.asu.edu.om/team/index139e-2.html]
[www.asu.edu.om/CAHS96f6.html]
[www.asu.edu.om/cahs-2.html]
[www.asu.edu.om/page/details/517]
[www.asu.edu.om/page/details/516]
[www.asu.edu.om/Page/Details/545be4.html]
[www.asu.edu.om/page/details/54.html]
[www.asu.edu.om/Page/Details/352df0a.html]
[www.asu.edu.om/Team/Details/1602.html]
[www.asu.edu.om/COAH96f6.html]
[www.asu.edu.om/coah-2.html]
[www.asu.edu.om/Page/Details/55f0b4.html]
[www.asu.edu.om/Page/Details/144df0a.html]
[www.asu.edu.om/Team/Details/130da36.html]
[www.asu.edu.om/page/details/352.html]
[www.asu.edu.om/team/index7baf-2.html]
[www.asu.edu.om/programmes/Details/24ecfd.html]
[www.asu.edu.om/files/y2024m7d10_124142.pdf]
[www.asu.edu.om/Team/Details/106f092.html]
[www.asu.edu.om/page/details/144]
[www.asu.edu.om/Team/Details/435c2f0.html]
[www.asu.edu.om/files/y2024m7d8_54946.pdf]
[www.asu.edu.om/Team/Details/2375289.html]
[www.asu.edu.om/Team/Details/4631378.html]
[www.asu.edu.om/Team/Details/241bed5.html]
[www.asu.edu.om/Team/Details/386e6ec.html]
[www.asu.edu.om/files/y2024m7d8_54854.pdf]
[www.asu.edu.om/files/y2024m7d8_2327.pdf]
[www.asu.edu.om/Team/Details/496a4eb.html]
[www.asu.edu.om/files/y2024m7d8_54336.pdf]
[www.asu.edu.om/Team/Details/1519a014.html]
[www.asu.edu.om/Team/Details/1570f2ba.html]
[www.asu.edu.om/Team/Details/15824709.html]
[www.asu.edu.om/Team/Details/151857a9.html]
[www.asu.edu.om/Team/Details/4211a2d.html]
[www.asu.edu.om/Team/Details/1606a547.html]
[www.asu.edu.om/Team/Details/95312e.html]
[www.asu.edu.om/files/y2024m7d8_54235.pdf]
[www.asu.edu.om/files/y2024m7d8_53943.pdf]
[www.asu.edu.om/Team/Details/5159a84.html]
[www.asu.edu.om/Team/Details/61f6a3.html]
[www.asu.edu.om/Team/Details/576cd9.html]
[www.asu.edu.om/Team/Details/450a5db.html]
[www.asu.edu.om/Team/Details/16081ca7.html]
[www.asu.edu.om/Team/Details/46675a2.html]
[www.asu.edu.om/files/y2024m7d8_53857.pdf]
[www.asu.edu.om/files/y2024m7d8_55149.pdf]
[www.asu.edu.om/Team/Details/491cdaf.html]
[www.asu.edu.om/Team/Details/526d73]
[www.asu.edu.om/Team/Details/497c3a5.html]
[www.asu.edu.om/Team/Details/436018b.html]
[www.asu.edu.om/Team/Details/510b56.html]
[www.asu.edu.om/files/y2024m7d8_54425.pdf]
[www.asu.edu.om/files/y2024m7d8_54643.pdf]
[www.asu.edu.om/Team/Details/1517c48e.html]
[www.asu.edu.om/files/y2024m7d8_53114.pdf]
[www.asu.edu.om/Team/Details/15926eef.html]
[www.asu.edu.om/Team/Details/3850e0e.html]
[www.asu.edu.om/Team/Details/46531bd.html]
[www.asu.edu.om/Team/Details/5423fd.html]
[www.asu.edu.om/Team/Details/110a5b5.html]
[www.asu.edu.om/Team/Details/15317208.html]
[www.asu.edu.om/Team/Details/15814ca2.html]
[www.asu.edu.om/files/y2024m7d8_5328.pdf]
[www.asu.edu.om/Team/Details/4146256.html]
[www.asu.edu.om/files/y2024m7d8_54758.pdf]
[www.asu.edu.om/files/y2024m7d8_61148.pdf]
[www.asu.edu.om/Team/Details/3912da.html]
[www.asu.edu.om/Team/Details/149333b.html]
[www.asu.edu.om/Team/Details/4097f66.html]
[www.asu.edu.om/Team/Details/428157.html]
[www.asu.edu.om/Team/Details/1609fc02.html]
[www.asu.edu.om/Team/Details/45318a6.html]
[www.asu.edu.om/files/y2024m7d8_55647.pdf]
[www.asu.edu.om/files/y2024m7d8_6550.pdf]
[www.asu.edu.om/Team/Details/40c83e.html]
[www.asu.edu.om/Team/Details/444563.html]
[www.asu.edu.om/files/y2024m7d8_6353.pdf]
[www.asu.edu.om/files/y2024m7d8_6646.pdf]
[www.asu.edu.om/Team/Details/470cad1.html]
[www.asu.edu.om/Team/Details/15717f09.html]
[www.asu.edu.om/Team/Details/1573d41e.html]
[www.asu.edu.om/Team/Details/15745f38.html]
[www.asu.edu.om/Team/Details/1575bc35.html]
[www.asu.edu.om/Team/Details/158460f7.html]
[www.asu.edu.om/Team/Details/15850935.html]
[www.asu.edu.om/files/y2024m11d27_83448.pdf]
[www.asu.edu.om/files/y2024m11d27_83637.pdf]
[www.asu.edu.om/Team/Details/1591f382.html]
[www.asu.edu.om/Team/Details/49a6ac.html]
[www.asu.edu.om/files/y2024m7d8_6947.pdf]
[www.asu.edu.om/Team/Details/3610e7a.html]
[www.asu.edu.om/Team/Details/38ce91.html]
[www.asu.edu.om/Team/Details/151e5f7.html]
[www.asu.edu.om/Team/Details/1523a5ba.html]
[www.asu.edu.om/Team/Details/1605885b.html]
[www.asu.edu.om/Team/Details/15079ef.html]
[www.asu.edu.om/Team/Details/15336b61.html]
[www.asu.edu.om/files/y2024m7d8_686.pdf]
[www.asu.edu.om/files/y2024m7d8_61050.pdf]
[www.asu.edu.om/files/y2024m11d27_8240.pdf]
[www.asu.edu.om/Team/Details/1534a126.html]
[www.asu.edu.om/Team/Details/1535ce3d.html]
[www.asu.edu.om/Team/Details/15503a97.html]
[www.asu.edu.om/Team/Details/16034eaa.html]
[www.asu.edu.om/Team/Details/16021cc9.html]
[www.asu.edu.om/Team/Details/1750f5c.html]
[www.asu.edu.om/files/y2024m11d27_82110.pdf]
[www.asu.edu.om/files/y2024m7d8_12957.pdf]
[www.asu.edu.om/Team/Details/1760975.html]
[www.asu.edu.om/Team/Details/442f5c9.html]
[www.asu.edu.om/files/y2024m7d8_1959.pdf]
[www.asu.edu.om/Team/Details/1667c98.html]
[www.asu.edu.om/Team/Details/172cee9.html]
[www.asu.edu.om/Team/Details/1677925.html]
[www.asu.edu.om/Team/Details/173a9fe.html]
[www.asu.edu.om/Team/Details/443ae09.html]
[www.asu.edu.om/files/y2024m7d8_12832.pdf]
[www.asu.edu.om/files/y2024m7d8_1276.pdf]
[www.asu.edu.om/files/y2024m7d8_04839.pdf]
[www.asu.edu.om/Team/Details/1516b3c0.html]
[www.asu.edu.om/Team/Details/162264f6.html]
[www.asu.edu.om/Team/Details/1619b898.html]
[www.asu.edu.om/Team/Details/1621da46.html]
[www.asu.edu.om/files/y2024m7d8_227.pdf]
[www.asu.edu.om/Team/Details/183ecef.html]
[www.asu.edu.om/files/y2024m7d8_15939.pdf]
[www.asu.edu.om/Team/Details/1540b59.html]
[www.asu.edu.om/files/y2024m7d8_12046.pdf]
[www.asu.edu.om/Team/Details/38877f7.html]
[www.asu.edu.om/files/y2024m7d8_1159.pdf]
[www.asu.edu.om/Team/Details/4725f42.html]
[www.asu.edu.om/Team/Details/4419c2d.html]
[www.asu.edu.om/Team/Details/501ef4d.html]
[www.asu.edu.om/Team/Details/4988f12.html]
[www.asu.edu.om/Team/Details/15603005.html]
[www.asu.edu.om/files/y2024m7d8_13541.pdf]
[www.asu.edu.om/Team/Details/1576a916.html]
[www.asu.edu.om/indexa7e0.html]
[www.asu.edu.om/Team/Details/1561d228.html]
[www.asu.edu.om/Team/Details/15598794.html]
[www.asu.edu.om/files/y2024m12d23_10918.pdf]
[www.asu.edu.om/Team/Details/15903e91.html]
[www.asu.edu.om/Team/Details/15897b9d.html]
[www.asu.edu.om/Team/Details/162007b2.html]
[www.asu.edu.om/Team/Details/158f5d4.html]
[www.asu.edu.om/Team/Details/1559d1f9]
[www.asu.edu.om/files/y2024m7d8_04128.pdf]
[www.asu.edu.om/Team/Details/180ca65.html]
[www.asu.edu.om/Team/Details/44490e6.html]
[www.asu.edu.om/Team/Details/2593e01.html]
[www.asu.edu.om/Team/Details/500e0f0.html]
[www.asu.edu.om/Team/Details/275bd43.html]
[www.asu.edu.om/Team/Details/162305f5.html]
[www.asu.edu.om/files/y2024m7d8_05010.pdf]
[www.asu.edu.om/files/y2024m7d8_13835.pdf]
[www.asu.edu.om/Team/Details/255637d.html]
[www.asu.edu.om/Team/Details/1874bb6.html]
[www.asu.edu.om/Team/Details/181f430.html]
[www.asu.edu.om/Team/Details/391730f.html]
[www.asu.edu.om/Team/Details/3871e42.html]
[www.asu.edu.om/Team/Details/1539981c.html]
[www.asu.edu.om/Team/Details/15376b2c.html]
[www.asu.edu.om/Team/Details/15388c4b.html]
[www.asu.edu.om/Team/Details/160040b3.html]
[www.asu.edu.om/Team/Details/160134c1.html]
[www.asu.edu.om/Team/Details/1626f511.html]
[www.asu.edu.om/Team/Details/1627c63b.html]
[www.asu.edu.om/Team/Details/16282b7e.html]
[www.asu.edu.om/Team/Details/251c701.html]
[www.asu.edu.om/Team/Details/15408b4e.html]
[www.asu.edu.om/Team/Details/13003c6.html]
[www.asu.edu.om/Team/Details/1322a9b.html]
[www.asu.edu.om/Team/Details/26726cd.html]
[www.asu.edu.om/files/y2024m7d9_12584.pdf]
[www.asu.edu.om/files/y2024m7d10_83953.pdf]
[www.asu.edu.om/Team/Details/114ae1b.html]
[www.asu.edu.om/files/y2024m7d10_123223.pdf]
[www.asu.edu.om/Team/Details/1134d5b.html]
[www.asu.edu.om/files/y2024m7d9_13138.pdf]
[www.asu.edu.om/Team/Details/122c95d.html]
[www.asu.edu.om/Team/Details/145486b.html]
[www.asu.edu.om/Team/Details/398f123.html]
[www.asu.edu.om/files/y2024m7d10_123733.pdf]
[www.asu.edu.om/Team/Details/144dfbd.html]
[www.asu.edu.om/Team/Details/1153f6f.html]
[www.asu.edu.om/Team/Details/119d8d0.html]
[www.asu.edu.om/files/y2024m7d10_13359.pdf]
[www.asu.edu.om/files/y2024m7d10_1049.pdf]
[www.asu.edu.om/Team/Details/125f057.html]
[www.asu.edu.om/files/y2024m7d10_121132.pdf]
[www.asu.edu.om/Team/Details/13749d5.html]
[www.asu.edu.om/Team/Details/116eb90.html]
[www.asu.edu.om/Team/Details/1415d0f.html]
[www.asu.edu.om/files/y2024m7d9_125245.pdf]
[www.asu.edu.om/Team/Details/20863cd.html]
[www.asu.edu.om/Team/Details/2127c13.html]
[www.asu.edu.om/Team/Details/13121ea.html]
[www.asu.edu.om/files/y2024m7d11_103333.pdf]
[www.asu.edu.om/Team/Details/2664e43.html]
[www.asu.edu.om/Team/Details/270f3f9.html]
[www.asu.edu.om/Team/Details/117e048.html]
[www.asu.edu.om/Team/Details/2607eb3.html]
[www.asu.edu.om/Team/Details/4295c4d.html]
[www.asu.edu.om/Team/Details/431012e.html]
[www.asu.edu.om/Team/Details/280aa6d.html]
[www.asu.edu.om/Team/Details/4285271.html]
[www.asu.edu.om/Team/Details/424e28d.html]
[www.asu.edu.om/files/y2024m7d10_12632.pdf]
[www.asu.edu.om/Team/Details/46102f5.html]
[www.asu.edu.om/Team/Details/474d7b6.html]
[www.asu.edu.om/files/y2024m7d10_123546.pdf]
[www.asu.edu.om/files/y2024m7d10_13056.pdf]
[www.asu.edu.om/Team/Details/4750e56.html]
[www.asu.edu.om/Team/Details/476c09e.html]
[www.asu.edu.om/Team/Details/477057e.html]
[www.asu.edu.om/Team/Details/502d512.html]
[www.asu.edu.om/files/y2024m7d9_123734.pdf]
[www.asu.edu.om/files/y2024m7d10_83622.pdf]
[www.asu.edu.om/Team/Details/5036b8e.html]
[www.asu.edu.om/Team/Details/514887c.html]
[www.asu.edu.om/Team/Details/505ce40.html]
[www.asu.edu.om/Team/Details/506e1c8.html]
[www.asu.edu.om/files/y2024m7d10_95952.pdf]
[www.asu.edu.om/Team/Details/5074808.html]
[www.asu.edu.om/files/y2024m7d10_125423.pdf]
[www.asu.edu.om/Team/Details/5088870.html]
[www.asu.edu.om/Team/Details/5096b16.html]
[www.asu.edu.om/Team/Details/1528f7c6.html]
[www.asu.edu.om/Team/Details/1522ddd5.html]
[www.asu.edu.om/Team/Details/15632e33.html]
[www.asu.edu.om/Team/Details/15647460.html]
[www.asu.edu.om/Team/Details/1565b73f.html]
[www.asu.edu.om/files/y2024m7d10_125127.pdf]
[www.asu.edu.om/Team/Details/15698b1a.html]
[www.asu.edu.om/Team/Details/15838f12.html]
[www.asu.edu.om/Team/Details/15863a5d.html]
[www.asu.edu.om/Team/Details/1588fc55.html]
[www.asu.edu.om/Team/Details/43016a2.html]
[www.asu.edu.om/Team/Details/161443d0.html]
[www.asu.edu.om/Team/Details/1615f8e8.html]
[www.asu.edu.om/Team/Details/1616b30a.html]
[www.asu.edu.om/Team/Details/16179e2a.html]
[www.asu.edu.om/Team/Details/1611b15e.html]
[www.asu.edu.om/Team/Details/161250f9.html]
[www.asu.edu.om/Team/Details/433f91e.html]
[www.asu.edu.om/Team/Details/138e0a2.html]
[www.asu.edu.om/Team/Details/142f4f7.html]
[www.asu.edu.om/Team/Details/4321a99.html]
[www.asu.edu.om/Team/Details/15873d22.html]
[www.asu.edu.om/Team/Details/1618a0f8.html]
[www.asu.edu.om/Team/Details/1610a18a.html]
[www.asu.edu.om/files/y2024m7d10_83242.pdf]
[www.asu.edu.om/Team/Details/1613a18a.html]
[www.asu.edu.om/files/y2024m7d10_12466.pdf]
[www.asu.edu.om/Team/Details/2445772.html]
[www.asu.edu.om/Team/Details/425e90a.html]
[www.asu.edu.om/Team/Details/1973ba8.html]
[www.asu.edu.om/files/y2024m7d8_62518.pdf]
[www.asu.edu.om/Team/Details/188593f.html]
[www.asu.edu.om/Team/Details/19851c2.html]
[www.asu.edu.om/Team/Details/24593b8.html]
[www.asu.edu.om/Team/Details/2813c2b.html]
[www.asu.edu.om/Team/Details/4403b15.html]
[www.asu.edu.om/Team/Details/4392726.html]
[www.asu.edu.om/Team/Details/1572f554.html]
[www.asu.edu.om/Team/Details/478b47e.html]
[www.asu.edu.om/files/y2024m7d8_61950.pdf]
[www.asu.edu.om/files/y2024m7d8_6249.pdf]
[www.asu.edu.om/files/y2024m7d8_6162.pdf]
[www.asu.edu.om/Team/Details/5103a6f.html]
[www.asu.edu.om/Team/Details/27101df.html]
[www.asu.edu.om/Team/Details/1938f07.html]
[www.asu.edu.om/Team/Details/16047d71.html]
[www.asu.edu.om/Team/Details/200a4f0.html]
[www.asu.edu.om/Team/Details/1549cc89.html]
[www.asu.edu.om/Team/Details/1554fe2d.html]
[www.asu.edu.om/Team/Details/3778247.html]
[www.asu.edu.om/files/y2024m7d15_85646.pdf]
[www.asu.edu.om/Team/Details/485d977.html]
[www.asu.edu.om/Team/Details/224fe8d.html]
[www.asu.edu.om/Team/Details/479e914.html]
[www.asu.edu.om/Team/Details/1526191e.html]
[www.asu.edu.om/Team/Details/483de1b.html]
[www.asu.edu.om/files/y2024m7d14_162749.pdf]
[www.asu.edu.om/Team/Details/211877d.html]
[www.asu.edu.om/files/y2024m7d15_93310.pdf]
[www.asu.edu.om/Team/Details/4878045.html]
[www.asu.edu.om/Team/Details/207ed09.html]
[www.asu.edu.om/Team/Details/1556247c.html]
[www.asu.edu.om/Team/Details/15972fce.html]
[www.asu.edu.om/Team/Details/1558c9cd.html]
[www.asu.edu.om/Team/Details/217686d.html]
[www.asu.edu.om/Team/Details/488c086.html]
[www.asu.edu.om/files/y2024m7d14_162451.pdf]
[www.asu.edu.om/files/y2024m7d15_9188.pdf]
[www.asu.edu.om/Team/Details/1544fabd.html]
[www.asu.edu.om/files/y2024m7d15_93653.pdf]
[www.asu.edu.om/Team/Details/1547193a.html]
[www.asu.edu.om/Team/Details/15672ffa.html]
[www.asu.edu.om/Team/Details/20632a5.html]
[www.asu.edu.om/files/y2024m11d28_14135.pdf]
[www.asu.edu.om/Team/index.html]
[www.asu.edu.om/Team/Details/15270c21.html]
[www.asu.edu.om/Team/Details/1553578d.html]
[www.asu.edu.om/Team/Details/155289af.html]
[www.asu.edu.om/Team/Details/1557ae4e.html]
[www.asu.edu.om/Team/Details/3999ece.html]
[www.asu.edu.om/Team/Details/2191e90.html]
[www.asu.edu.om/Team/Details/397e3a0.html]
[www.asu.edu.om/Team/Details/1525d0e2.html]
[www.asu.edu.om/files/y2024m7d14_162556.pdf]
[www.asu.edu.om/Team/Details/15958c02.html]
[www.asu.edu.om/Team/Details/1598fc7e.html]
[www.asu.edu.om/Team/Details/15516c5f.html]
[www.asu.edu.om/Team/Details/4006947.html]
[www.asu.edu.om/files/y2024m7d15_94954.pdf]
[www.asu.edu.om/Team/Details/1555748b.html]
[www.asu.edu.om/Team/Details/225a818.html]
[www.asu.edu.om/Team/Details/201f185.html]
[www.asu.edu.om/Team/Details/159330c8.html]
[www.asu.edu.om/Team/Details/1596fccc.html]
[www.asu.edu.om/Team/Details/381234d.html]
[www.asu.edu.om/files/y2024m7d15_8486.pdf]
[www.asu.edu.om/files/y2024m7d14_16819.pdf]
[www.asu.edu.om/files/y2024m7d15_93925.pdf]
[www.asu.edu.om/Team/Details/16257e29.html]
[www.asu.edu.om/Team/Details/394e325.html]
[www.asu.edu.om/Team/Details/15682487.html]
[www.asu.edu.om/files/y2024m7d14_16326.pdf]
[www.asu.edu.om/Team/Details/2265c65.html]
[www.asu.edu.om/files/y2024m7d15_92124.pdf]
[www.asu.edu.om/Team/Details/15455f48.html]
[www.asu.edu.om/Team/Details/159496a8.html]
[www.asu.edu.om/files/y2024m7d15_91044.pdf]
[www.asu.edu.om/Team/Details/489a9f5.html]
[www.asu.edu.om/files/y2024m7d14_16419.pdf]
[www.asu.edu.om/Team/Details/393cf4a.html]
[www.asu.edu.om/Page/Details/4796f6.html]
[www.asu.edu.om/page/details/47.html]
[www.asu.edu.om/page/details/532.html]
[www.asu.edu.om/Page/Details/532ac6f.html]
[www.asu.edu.om/page/details/533.html]
[www.asu.edu.om/img/AAC/1.png]
[www.asu.edu.om/img/AAC/2.png]
[www.asu.edu.om/img/AAC/3.png]
[www.asu.edu.om/img/AAC/4.png]
[www.asu.edu.om/img/AAC/5.jpg]
[www.asu.edu.om/img/AAC/6.jpg]
[www.asu.edu.om/img/AAC/7.jpg]
[www.asu.edu.om/img/AAC/8.png]
[www.asu.edu.om/img/AAC/9.png]
[www.asu.edu.om/img/AAC/10.png]
[www.asu.edu.om/img/AAC/11.jpg]
[www.asu.edu.om/Page/Details/533e9e1.html]
[www.asu.edu.om/Page/Details/53407fb.html]
[www.asu.edu.om/Page/Details/538732c.html]
[www.asu.edu.om/Page/Details/535ebeb.html]
[www.asu.edu.om/img/AAC/12.png]
[www.asu.edu.om/Page/Details/537f93c.html]
[www.asu.edu.om/page/details/538]
[www.asu.edu.om/page/details/534]
[www.asu.edu.om/page/details/535]
[www.asu.edu.om/Page/Details/536a19b.html]
[www.asu.edu.om/IT96f6.html]
[www.asu.edu.om/Page/Details/405660c.html]
[www.asu.edu.om/Page/Details/411bca3.html]
[www.asu.edu.om/Page/Details/412a66a.html]
[www.asu.edu.om/Page/Details/413f1a2.html]
[www.asu.edu.om/Page/Details/410cc20.html]
[www.asu.edu.om/Page/Details/415ec71.html]
[www.asu.edu.om/Page/Details/407ae60.html]
[www.asu.edu.om/Page/Details/408dd1b.html]
[www.asu.edu.om/Page/Details/4092b59.html]
[www.asu.edu.om/IT/OurTeam/index.html]
[www.asu.edu.om/IT/index.html]
[www.asu.edu.om/IT/Details/411bca3.html]
[www.asu.edu.om/IT/Details/412a66a.html]
[www.asu.edu.om/IT/Details/413f1a2.html]
[www.asu.edu.om/IT/Details/410cc20.html]
[www.asu.edu.om/IT/Details/415ec71.html]
[www.asu.edu.om/IT/Details/407ae60.html]
[www.asu.edu.om/IT/Details/408dd1b.html]
[www.asu.edu.om/IT/Details/4092b59.html]
[www.asu.edu.om/Page/Details/5996f6.html]
[www.asu.edu.om/page/details/59.html]
[www.asu.edu.om/Page/Details/files/1_y2019_m7_d8_h1_m45_S0.html]
[www.asu.edu.om/Page/Details/375b51d.html]
[www.asu.edu.om/Page/Details/14396f6.html]
[www.asu.edu.om/page/details/143-2.html]
[www.asu.edu.om/page/details/375.html]
[www.asu.edu.om/Page/Details/9aea7.html]
[www.asu.edu.om/Page/Details/39896f6.html]
[www.asu.edu.om/page/details/398-2.html]
[www.asu.edu.om/Page/Details/39996f6.html]
[www.asu.edu.om/page/details/399-2.html]
[www.asu.edu.om/Page/Details/40096f6.html]
[www.asu.edu.om/page/details/400-2.html]
[www.asu.edu.om/Page/Details/1196f6.html]
[www.asu.edu.om/page/details/11.html]
[www.asu.edu.om/Page/Details/1296f6.html]
[www.asu.edu.om/page/details/12.html]
[www.asu.edu.om/Page/Details/1396f6.html]
[www.asu.edu.om/page/details/13.html]
[www.asu.edu.om/Page/Details/1496f6.html]
[www.asu.edu.om/page/details/14.html]
[www.asu.edu.om/Page/Details/2696f6.html]
[www.asu.edu.om/page/details/26.html]
[www.asu.edu.om/Page/OAS.html]
[www.asu.edu.om/Page/Details/13796f6.html]
[www.asu.edu.om/page/details/137.html]
[www.masader.om/sites/default/files/Masader_Logo.html]
[www.asu.edu.om/Page/Details/13896f6.html]
[www.asu.edu.om/page/details/9]
[www.asu.edu.om/page/details/138.html]
[www.asu.edu.om/Page/Details/3096f6.html]
[www.asu.edu.om/page/details/30.html]
[www.asu.edu.om/Page/Details/3296f6.html]
[www.asu.edu.om/page/details/32.html]
[www.asu.edu.om/Page/Details/3196f6.html]
[www.asu.edu.om/page/details/31.html]
[www.asu.edu.om/Page/Details/13296f6.html]
[www.asu.edu.om/page/details/132.html]
[www.asu.edu.om/Page/Details/52296f6.html]
[www.asu.edu.om/page/details/522.html]
[www.asu.edu.om/img/Team/index.html]
[www.asu.edu.om/Page/Details/13996f6.html]
[www.asu.edu.om/page/details/139.html]
[www.asu.edu.om/Page/Dissertations96f6.html]
[cdn.datatables.net/1.12.1/css/jquery.dataTables.min.css]
[www.asu.edu.om/page/dissertations-2.html]
[www.asu.edu.om/asufiles96f6.html]
[www.asu.edu.om/img/ASUFiles/AC0003-Payment-for-Repeating-Failed-Students.html]
[www.asu.edu.om/img/ASUFiles/AC0019-Student-Affairs-Manual-Arabic.html]
[www.asu.edu.om/img/ASUFiles/CHEM101E-General-Chemistry.html]
[www.asu.edu.om/img/ASUFiles/CHEM201E-Organic-Chemistry.html]
[www.asu.edu.om/img/ASUFiles/College of EngineeringN280-Construction-Methodology.html]
[www.asu.edu.om/img/ASUFiles/College of EngineeringN282-Const-Equipment.html]
[www.asu.edu.om/img/ASUFiles/College of EngineeringN585-GIS-Applications-Course-Descriptor.html]
[www.asu.edu.om/img/ASUFiles/College of EngineeringN586-Sustainable-Construction.html]
[www.asu.edu.om/img/ASUFiles/College of EngineeringN587-Cost-Estimating.html]
[www.asu.edu.om/index729a.html]
[www.asu.edu.om/img/ASUFiles/COUN419-Design-indicative-programs.html]
[www.asu.edu.om/img/ASUFiles/ECON201-Principles-of-Macroeconomics-Arabic.html]
[www.asu.edu.om/ibra96f6.html]
[www.asu.edu.om/img/Ibra/9a8f20dd-2713-4b0f-a6c2-783e0fca34fc.png]
[www.asu.edu.om/Students/index96f6.html]
[www.asu.edu.om/learn/Email.htm]
[www.asu.edu.om/Page/Details/16296f6]
[www.asu.edu.om/Content/grabbing.png]
[www.asu.edu.om/Page/Details/5496f6]
[www.asu.edu.om/Page/Details/5296f6]
[www.asu.edu.om/home/changelanguage9ed2]
[www.asu.edu.om/Page/Details/5396f6]
[www.asu.edu.om/programmes/Bachelors96f6]
[www.asu.edu.om/programmes/Master96f6]
[www.asu.edu.om/page/details/162]
[www.asu.edu.om/home/changelanguage9f43]
[www.asu.edu.om/page/details/163]
[www.asu.edu.om/Ibra/Details/10b15f]
[www.asu.edu.om/img/Ibra/c22fd5c9-5f0f-4492-b506-42a526c15f8f.jpg]
[www.asu.edu.om/img/Ibra/22c3cae8-bac6-4c49-80f7-2216c47e1b3d.png]
[www.asu.edu.om/page/details/6]
[www.asu.edu.om/qaa/policies]
[www.asu.edu.om/qaa/role]
[www.asu.edu.om/qaa/contact]
[www.asu.edu.om/MashreqFiles/9/shot.png]
[www.asu.edu.om/Page/Details/25.html]
[www.asu.edu.om/img/2.jpg]
[www.asu.edu.om/programmes/details/1]
[www.asu.edu.om/files/y2025m4d9_1097.pdf]
[www.asu.edu.om/programmes/details/2]
[www.asu.edu.om/files/y2025m4d9_10168.pdf]
[www.asu.edu.om/programmes/details/43]
[www.asu.edu.om/programmes/details/3]
[www.asu.edu.om/programmes/details/4]
[www.asu.edu.om/files/supplement.pdf]
[www.asu.edu.om/files/y2024m7d1_15339.pdf]
[www.asu.edu.om/page/details/52]
[www.asu.edu.om/programmes/details/378]
[www.asu.edu.om/programmes/details/65]
[www.asu.edu.om/programmes/details/67]
[www.asu.edu.om/programmes/details/389]
[www.asu.edu.om/programmes/details/69]
[www.asu.edu.om/programmes/details/71]
[www.asu.edu.om/files/y2025m4d9_102216.pdf]
[www.asu.edu.om/programmes/details/381]
[www.asu.edu.om/programmes/details/385]
[www.asu.edu.om/files/y2024m7d2_75649.pdf]
[www.asu.edu.om/programmes/details/16]
[www.asu.edu.om/programmes/Details/186dfa.html]
[www.asu.edu.om/programmes/details/42]
[www.asu.edu.om/programmes/details/376]
[www.asu.edu.om/programmes/details/17]
[www.asu.edu.om/programmes/details/38]
[www.asu.edu.om/programmes/details/379]
[www.asu.edu.om/programmes/details/19]
[www.asu.edu.om/programmes/details/512]
[www.asu.edu.om/files/y2024m7d1_9716.docx]
[www.asu.edu.om/programmes/details/553]
[www.asu.edu.om/files/y2025m4d8_152718.pdf]
[www.asu.edu.om/programmes/details/64.html]
[www.asu.edu.om/programmes/details/72]
[www.asu.edu.om/programmes/details/502]
[www.asu.edu.om/files/y2026m2d26_112121.pdf]
[www.asu.edu.om/programmes/details/66]
[www.asu.edu.om/files/y2024m6d30_9354.pdf]
[www.asu.edu.om/programmes/details/347]
[www.asu.edu.om/programmes/details/511]
[www.asu.edu.om/programmes/details/68]
[www.asu.edu.om/programmes/details/78]
[www.asu.edu.om/programmes/details/79]
[www.asu.edu.om/programmes/details/80]
[www.asu.edu.om/programmes/details/150]
[www.asu.edu.om/files/y2024m7d18_10318.pdf]
[www.asu.edu.om/programmes/details/509]
[www.asu.edu.om/programmes/details/510]
[www.asu.edu.om/programmes/details/82.html]
[www.asu.edu.om/programmes/details/98]
[www.asu.edu.om/files/y2024m7d18_94322.pdf]
[www.asu.edu.om/programmes/details/130]
[www.asu.edu.om/files/y2024m7d18_101557.pdf]
[www.asu.edu.om/files/y2024m7d18_101127.pdf]
[www.asu.edu.om/files/y2024m7d18_9717.pdf]
[www.asu.edu.om/programmes/details/230]
[www.asu.edu.om/programmes/details/380]
[www.asu.edu.om/programmes/details/386]
[www.asu.edu.om/programmes/details/419]
[www.asu.edu.om/programmes/details/504]
[www.asu.edu.om/programmes/details/383]
[www.asu.edu.om/files/y2024m7d2_75929.pdf]
[www.asu.edu.om/programmes/details/531]
[www.asu.edu.om/programmes/details/508]
[www.asu.edu.om/programmes/details/505]
[www.asu.edu.om/programmes/details/501.html]
[www.asu.edu.om/Page/Details/56bd01.html]
[www.asu.edu.om/files/y2024m7d2_82052.pdf]
[www.asu.edu.om/Page/Details/357df0a.html]
[www.asu.edu.om/team/indexcda1-2.html]
[www.asu.edu.om/programmes/details/500]
[www.asu.edu.om/programmes/details/418]
[www.asu.edu.om/programmes/details/417]
[www.asu.edu.om/page/details/56]
[www.asu.edu.om/programmes/details/368]
[www.asu.edu.om/programmes/details/367]
[www.asu.edu.om/programmes/details/366]
[www.asu.edu.om/page/details/357]
[www.asu.edu.om/programmes/details/140]
[www.asu.edu.om/programmes/details/63]
[www.asu.edu.om/files/y2024m7d1_164714.pdf]
[www.asu.edu.om/files/y2024m7d18_104958.pdf]
[www.asu.edu.om/programmes/details/539.html]
[www.asu.edu.om/programmes/details/44]
[www.asu.edu.om/programmes/details/544]
[www.asu.edu.om/programmes/details/543]
[www.asu.edu.om/page/details/53]
[www.asu.edu.om/page/details/73]
[www.asu.edu.om/page/details/513]
[www.asu.edu.om/files/y2024m7d18_103333.pdf]
[www.asu.edu.om/page/details/515]
[www.asu.edu.om/files/y2024m7d4_91017.pdf]
[www.asu.edu.om/page/details/518.html]
[www.asu.edu.om/programmes/details/542]
[www.asu.edu.om/programmes/details/541]
[www.asu.edu.om/page/details/517]
[www.asu.edu.om/page/details/519]
[www.asu.edu.om/page/details/516]
[www.asu.edu.om/page/details/54.html]
[www.asu.edu.om/page/details/352.html]
[www.asu.edu.om/page/details/55]
[www.asu.edu.om/page/details/144]
[www.asu.edu.om/programmes/details/24]
[www.asu.edu.om/COL.html]
[www.asu.edu.om/CLFS.html]
[www.asu.edu.om/files/y2024m11d18_141957.pdf]
[www.asu.edu.om/Team/Details/Mrs.Raya AL-Brwani]
[www.asu.edu.om/Team/Details/526d73]
[www.asu.edu.om/Team/Details/doi.org/10.1108/SEF-07-2024-0432]
[www.asu.edu.om/files/y2024m11d27_83050.pdf]
[www.asu.edu.om/Team/Details/Web of Science ResearcherIDMGA-4133-2025]
[www.asu.edu.om/indexa7e0.html]
[www.asu.edu.om/Team/Details/DOI _ 10.37422/IJVS/20.009]
[www.asu.edu.om/img/COE-Committees.png]
[www.asu.edu.om/Team/Details/1559d1f9]
[www.asu.edu.om/Team/Details/Asila AlMaskari]
[www.asu.edu.om/Team/Details/Basil Al-Maskari]
[ssl.gstatic.com/ui/v1/icons/mail/images/cleardot.gif]
[www.asu.edu.om/Team/Details/linkedin.com/in/tasabihmohamed]
[www.asu.edu.om/Team/Details/www.theresearchers.asia]
[www.asu.edu.om/Team/Details/drrashid2020@gmail.html]
[www.asu.edu.om/Team/Details/www.eenet.org.html]
[www.asu.edu.om/Team/Details/saidalrashidi]
[www.asu.edu.om/files/y2024m7d10_125815.pdf]
[www.asu.edu.om/files/y2024m7d9_13329.pdf]
[www.asu.edu.om/Team/Details/ناصر الندابي]
[www.asu.edu.om/files/y2024m7d10_125317.pdf]
[www.asu.edu.om/Team/Details/jamoodinz1@gmail.com]
[www.asu.edu.om/Team/Details/]
[www.asu.edu.om/Team/Details/المجلة العربية للتربية النوعية/ المجلد العاشر/ العدد 43.html]
[www.asu.edu.om/Team/Details/مجلة الدراسات اللغوية والأدبية/ جامعة نزوى/ سلطنة عمان/ المجلد العاشر/ العدد السادس عشر]
[www.asu.edu.om/Team/Details/58080020300]
[www.asu.edu.om/Team/Details/Khalil Al Busaidi]
[www.asu.edu.om/files/y2024m7d8_62259.pdf]
[www.asu.edu.om/Team/Details/www.linkedin.com/in/ aries-gan-06960a217]
[www.asu.edu.om/files/y2024m7d14_16132.pdf]
[www.asu.edu.om/Team/Details/ResearchGate(https_/www.researchgate.net/profile/Ali-Al-Matari/research)]
[www.asu.edu.om/files/y2024m12d23_95526.pdf]
[www.asu.edu.om/files/y2024m7d15_93218.pdf]
[www.asu.edu.om/index9464.html]
[www.asu.edu.om/index7c40.html]
[www.asu.edu.om/Team/index.html]
[www.asu.edu.om/files/y2024m7d14_163048.pdf]
[www.asu.edu.om/page/details/532.html]
[www.asu.edu.om/page/details/533.html]
[www.asu.edu.om/page/details/534]
[www.asu.edu.om/page/details/538]
[www.asu.edu.om/page/details/535]
[www.asu.edu.om/page/details/536]
[www.asu.edu.om/page/details/405]
[www.asu.edu.om/page/details/412]
[www.asu.edu.om/page/details/413]
[www.asu.edu.om/page/details/410]
[www.asu.edu.om/page/details/415]
[www.asu.edu.om/page/details/408]
[www.asu.edu.om/page/details/409]
[www.asu.edu.om/files/Technical-Support-1.png]
[www.asu.edu.om/page/details/files/1_y2019_m7_d8_h1_m45_S0.pdf]
[www.asu.edu.om/page/details/375.html]
[www.asu.edu.om/page/details/9]
[www.asu.edu.om/img/AAC/13.jpg]
[www.asu.edu.om/page/oas]
[www.asu.edu.om/learn/Petition.htm]
[www.asu.edu.om/img/AAC/aac-clfs-01.png]
[www.asu.edu.om/img/AAC/الدكتور أحمد الخروصي.JPG]
[www.asu.edu.om/page/details/52]
[www.asu.edu.om/Page/Details/56cda1.html]
[www.asu.edu.om/Page/Details/25f7aa.html]
[www.asu.edu.om/page.html]
[www.asu.edu.om/files/y2024m12d12_9397.pdf]
[www.asu.edu.om/page/details/56]
[www.asu.edu.om/page/details/357]
[www.asu.edu.om/index9464.html]
[www.asu.edu.om/index7c40.html]
[www.asu.edu.om/Team/Details/484a18a]
[www.asu.edu.om/Page/Details/post6806.html]
[www.asu.edu.om/Page/Details/post644e.html]
[www.asu.edu.om/Page/Details/postdf83.html]
[www.asu.edu.om/Page/Details/postcd92.html]
[www.asu.edu.om/Team/Details/2021]
[www.asu.edu.om/page/details/post6806]
